,stamp,processPid,VIRT,RES,SHR,cpuUsage
1,1618305025562,nan,nan,nan,nan,nan
2,1618305025663,nan,nan,nan,nan,nan
3,1618305025787,nan,nan,nan,nan,nan
4,1618305025902,nan,nan,nan,nan,nan
5,1618305026003,nan,nan,nan,nan,nan
6,1618305026122,nan,nan,nan,nan,nan
7,1618305026223,nan,nan,nan,nan,nan
8,1618305026344,nan,nan,nan,nan,nan
9,1618305026443,nan,nan,nan,nan,nan
10,1618305026544,nan,nan,nan,nan,nan
11,1618305026644,nan,nan,nan,nan,nan
12,1618305026744,nan,nan,nan,nan,nan
13,1618305026863,nan,nan,nan,nan,nan
14,1618305026963,nan,nan,nan,nan,nan
15,1618305027082,nan,nan,nan,nan,nan
16,1618305027183,nan,nan,nan,nan,nan
17,1618305027302,nan,nan,nan,nan,nan
18,1618305027421,nan,nan,nan,nan,nan
19,1618305027522,nan,nan,nan,nan,nan
20,1618305027621,nan,nan,nan,nan,nan
21,1618305027742,nan,nan,nan,nan,nan
22,1618305027843,nan,nan,nan,nan,nan
23,1618305027963,nan,nan,nan,nan,nan
24,1618305028083,nan,nan,nan,nan,nan
25,1618305028202,nan,nan,nan,nan,nan
26,1618305028302,nan,nan,nan,nan,nan
27,1618305028421,nan,nan,nan,nan,nan
28,1618305028522,nan,nan,nan,nan,nan
29,1618305028622,nan,nan,nan,nan,nan
30,1618305028723,nan,nan,nan,nan,nan
31,1618305028843,nan,nan,nan,nan,nan
32,1618305028942,nan,nan,nan,nan,nan
33,1618305029062,nan,nan,nan,nan,nan
34,1618305029163,nan,nan,nan,nan,nan
35,1618305029262,nan,nan,nan,nan,nan
36,1618305029382,nan,nan,nan,nan,nan
37,1618305029504,nan,nan,nan,nan,nan
38,1618305029622,nan,nan,nan,nan,nan
39,1618305029724,nan,nan,nan,nan,nan
40,1618305029844,nan,nan,nan,nan,nan
41,1618305029963,nan,nan,nan,nan,nan
42,1618305030066,nan,nan,nan,nan,nan
43,1618305030187,nan,nan,nan,nan,nan
44,1618305030301,nan,nan,nan,nan,nan
45,1618305030403,nan,nan,nan,nan,nan
46,1618305030521,nan,nan,nan,nan,nan
47,1618305030643,nan,nan,nan,nan,nan
48,1618305030763,nan,nan,nan,nan,nan
49,1618305030863,nan,nan,nan,nan,nan
50,1618305030984,nan,nan,nan,nan,nan
51,1618305031102,nan,nan,nan,nan,nan
52,1618305031222,nan,nan,nan,nan,nan
53,1618305031322,nan,nan,nan,nan,nan
54,1618305031423,nan,nan,nan,nan,nan
55,1618305031543,nan,nan,nan,nan,nan
56,1618305031642,nan,nan,nan,nan,nan
57,1618305031743,nan,nan,nan,nan,nan
58,1618305031862,nan,nan,nan,nan,nan
59,1618305031963,nan,nan,nan,nan,nan
60,1618305032063,nan,nan,nan,nan,nan
61,1618305032162,nan,nan,nan,nan,nan
62,1618305032281,nan,nan,nan,nan,nan
63,1618305032384,nan,nan,nan,nan,nan
64,1618305032502,nan,nan,nan,nan,nan
65,1618305032624,nan,nan,nan,nan,nan
66,1618305032722,nan,nan,nan,nan,nan
67,1618305032842,nan,nan,nan,nan,nan
68,1618305032943,nan,nan,nan,nan,nan
69,1618305033062,nan,nan,nan,nan,nan
70,1618305033162,nan,nan,nan,nan,nan
71,1618305033263,nan,nan,nan,nan,nan
72,1618305033382,nan,nan,nan,nan,nan
73,1618305033483,nan,nan,nan,nan,nan
74,1618305033584,nan,nan,nan,nan,nan
75,1618305033704,nan,nan,nan,nan,nan
76,1618305033822,nan,nan,nan,nan,nan
77,1618305033922,nan,nan,nan,nan,nan
78,1618305034041,nan,nan,nan,nan,nan
79,1618305034143,nan,nan,nan,nan,nan
80,1618305034262,nan,nan,nan,nan,nan
81,1618305034363,nan,nan,nan,nan,nan
82,1618305034463,nan,nan,nan,nan,nan
83,1618305034564,nan,nan,nan,nan,nan
84,1618305034682,nan,nan,nan,nan,nan
85,1618305034785,nan,nan,nan,nan,nan
86,1618305034902,nan,nan,nan,nan,nan
87,1618305035003,nan,nan,nan,nan,nan
88,1618305035093,nan,nan,nan,nan,nan
89,1618305035187,nan,nan,nan,nan,nan
90,1618305035285,nan,nan,nan,nan,nan
91,1618305035385,nan,nan,nan,nan,nan
92,1618305035505,nan,nan,nan,nan,nan
93,1618305035624,nan,nan,nan,nan,nan
94,1618305035743,nan,nan,nan,nan,nan
95,1618305035843,nan,nan,nan,nan,nan
96,1618305035943,nan,nan,nan,nan,nan
97,1618305036065,nan,nan,nan,nan,nan
98,1618305036183,nan,nan,nan,nan,nan
99,1618305036285,nan,nan,nan,nan,nan
100,1618305036383,nan,nan,nan,nan,nan
101,1618305036482,nan,nan,nan,nan,nan
102,1618305036583,nan,nan,nan,nan,nan
103,1618305036684,nan,nan,nan,nan,nan
104,1618305036802,nan,nan,nan,nan,nan
105,1618305036902,nan,nan,nan,nan,nan
106,1618305037022,nan,nan,nan,nan,nan
107,1618305037123,nan,nan,nan,nan,nan
108,1618305037223,nan,nan,nan,nan,nan
109,1618305037342,nan,nan,nan,nan,nan
110,1618305037443,nan,nan,nan,nan,nan
111,1618305037543,nan,nan,nan,nan,nan
112,1618305037662,nan,nan,nan,nan,nan
113,1618305037781,nan,nan,nan,nan,nan
114,1618305037882,nan,nan,nan,nan,nan
115,1618305037982,nan,nan,nan,nan,nan
116,1618305038083,nan,nan,nan,nan,nan
117,1618305038202,nan,nan,nan,nan,nan
118,1618305038303,nan,nan,nan,nan,nan
119,1618305038422,nan,nan,nan,nan,nan
120,1618305038542,nan,nan,nan,nan,nan
121,1618305038643,nan,nan,nan,nan,nan
122,1618305038762,nan,nan,nan,nan,nan
123,1618305038882,nan,nan,nan,nan,nan
124,1618305038983,nan,nan,nan,nan,nan
125,1618305039105,nan,nan,nan,nan,nan
126,1618305039228,nan,nan,nan,nan,nan
127,1618305039326,nan,nan,nan,nan,nan
128,1618305039444,nan,nan,nan,nan,nan
129,1618305039554,nan,nan,nan,nan,nan
130,1618305039662,nan,nan,nan,nan,nan
131,1618305039775,nan,nan,nan,nan,nan
132,1618305039881,nan,nan,nan,nan,nan
133,1618305039998,nan,nan,nan,nan,nan
134,1618305040099,nan,nan,nan,nan,nan
135,1618305040196,nan,nan,nan,nan,nan
136,1618305040294,nan,nan,nan,nan,nan
137,1618305040387,nan,nan,nan,nan,nan
138,1618305040485,nan,nan,nan,nan,nan
139,1618305040599,nan,nan,nan,nan,nan
140,1618305040703,nan,nan,nan,nan,nan
141,1618305040790,nan,nan,nan,nan,nan
142,1618305040906,nan,nan,nan,nan,nan
143,1618305041022,nan,nan,nan,nan,nan
144,1618305041120,nan,nan,nan,nan,nan
145,1618305041217,nan,nan,nan,nan,nan
146,1618305041324,nan,nan,nan,nan,nan
147,1618305041419,nan,nan,nan,nan,nan
148,1618305041524,nan,nan,nan,nan,nan
149,1618305041645,nan,nan,nan,nan,nan
150,1618305041732,nan,nan,nan,nan,nan
151,1618305041844,nan,nan,nan,nan,nan
152,1618305041961,nan,nan,nan,nan,nan
153,1618305042081,nan,nan,nan,nan,nan
154,1618305042200,nan,nan,nan,nan,nan
155,1618305042319,nan,nan,nan,nan,nan
156,1618305042427,nan,nan,nan,nan,nan
157,1618305042542,nan,nan,nan,nan,nan
158,1618305042659,nan,nan,nan,nan,nan
159,1618305042777,nan,nan,nan,nan,nan
160,1618305042880,nan,nan,nan,nan,nan
161,1618305042982,nan,nan,nan,nan,nan
162,1618305043055,nan,nan,nan,nan,nan
163,1618305043183,nan,nan,nan,nan,nan
164,1618305043301,nan,nan,nan,nan,nan
165,1618305043419,nan,nan,nan,nan,nan
166,1618305043514,nan,nan,nan,nan,nan
167,1618305043623,nan,nan,nan,nan,nan
168,1618305043733,nan,nan,nan,nan,nan
169,1618305043827,nan,nan,nan,nan,nan
170,1618305043945,nan,nan,nan,nan,nan
171,1618305044060,nan,nan,nan,nan,nan
172,1618305044184,nan,nan,nan,nan,nan
173,1618305044284,nan,nan,nan,nan,nan
174,1618305044395,nan,nan,nan,nan,nan
175,1618305044504,nan,nan,nan,nan,nan
176,1618305044606,nan,nan,nan,nan,nan
177,1618305044721,nan,nan,nan,nan,nan
178,1618305044832,nan,nan,nan,nan,nan
179,1618305044923,nan,nan,nan,nan,nan
180,1618305045021,nan,nan,nan,nan,nan
181,1618305045132,nan,nan,nan,nan,nan
182,1618305045225,nan,nan,nan,nan,nan
183,1618305045320,nan,nan,nan,nan,nan
184,1618305045439,nan,nan,nan,nan,nan
185,1618305045539,nan,nan,nan,nan,nan
186,1618305045636,nan,nan,nan,nan,nan
187,1618305045727,nan,nan,nan,nan,nan
188,1618305045820,nan,nan,nan,nan,nan
189,1618305045923,nan,nan,nan,nan,nan
190,1618305046042,nan,nan,nan,nan,nan
191,1618305046159,nan,nan,nan,nan,nan
192,1618305046257,nan,nan,nan,nan,nan
193,1618305046368,nan,nan,nan,nan,nan
194,1618305046457,nan,nan,nan,nan,nan
195,1618305046553,nan,nan,nan,nan,nan
196,1618305046659,nan,nan,nan,nan,nan
197,1618305046765,nan,nan,nan,nan,nan
198,1618305046879,nan,nan,nan,nan,nan
199,1618305046978,nan,nan,nan,nan,nan
200,1618305047080,nan,nan,nan,nan,nan
201,1618305047180,nan,nan,nan,nan,nan
202,1618305047304,nan,nan,nan,nan,nan
203,1618305047419,nan,nan,nan,nan,nan
204,1618305047494,nan,nan,nan,nan,nan
205,1618305047620,nan,nan,nan,nan,nan
206,1618305047722,nan,nan,nan,nan,nan
207,1618305047843,nan,nan,nan,nan,nan
208,1618305047944,nan,nan,nan,nan,nan
209,1618305048064,nan,nan,nan,nan,nan
210,1618305048183,nan,nan,nan,nan,nan
211,1618305048301,nan,nan,nan,nan,nan
212,1618305048402,nan,nan,nan,nan,nan
213,1618305048518,nan,nan,nan,nan,nan
214,1618305048624,nan,nan,nan,nan,nan
215,1618305048710,nan,nan,nan,nan,nan
216,1618305048824,nan,nan,nan,nan,nan
217,1618305048923,nan,nan,nan,nan,nan
218,1618305049021,nan,nan,nan,nan,nan
219,1618305049123,nan,nan,nan,nan,nan
220,1618305049223,nan,nan,nan,nan,nan
221,1618305049324,nan,nan,nan,nan,nan
222,1618305049428,nan,nan,nan,nan,nan
223,1618305049503,nan,nan,nan,nan,nan
224,1618305049589,nan,nan,nan,nan,nan
225,1618305049687,nan,nan,nan,nan,nan
226,1618305049786,nan,nan,nan,nan,nan
227,1618305049901,nan,nan,nan,nan,nan
228,1618305049999,nan,nan,nan,nan,nan
229,1618305050121,nan,nan,nan,nan,nan
230,1618305050227,nan,nan,nan,nan,nan
231,1618305050344,nan,nan,nan,nan,nan
232,1618305050441,nan,nan,nan,nan,nan
233,1618305050537,nan,nan,nan,nan,nan
234,1618305050630,nan,nan,nan,nan,nan
235,1618305050743,nan,nan,nan,nan,nan
236,1618305050864,nan,nan,nan,nan,nan
237,1618305050980,nan,nan,nan,nan,nan
238,1618305051083,nan,nan,nan,nan,nan
239,1618305051196,nan,nan,nan,nan,nan
240,1618305051288,nan,nan,nan,nan,nan
241,1618305051403,nan,nan,nan,nan,nan
242,1618305051517,nan,nan,nan,nan,nan
243,1618305051621,nan,nan,nan,nan,nan
244,1618305051717,nan,nan,nan,nan,nan
245,1618305051815,nan,nan,nan,nan,nan
246,1618305051922,nan,nan,nan,nan,nan
247,1618305052045,nan,nan,nan,nan,nan
248,1618305052164,nan,nan,nan,nan,nan
249,1618305052280,nan,nan,nan,nan,nan
250,1618305052370,nan,nan,nan,nan,nan
251,1618305052482,nan,nan,nan,nan,nan
252,1618305052600,nan,nan,nan,nan,nan
253,1618305052705,nan,nan,nan,nan,nan
254,1618305052823,nan,nan,nan,nan,nan
255,1618305052924,nan,nan,nan,nan,nan
256,1618305053037,nan,nan,nan,nan,nan
257,1618305053125,nan,nan,nan,nan,nan
258,1618305053230,nan,nan,nan,nan,nan
259,1618305053320,nan,nan,nan,nan,nan
260,1618305053443,nan,nan,nan,nan,nan
261,1618305053560,nan,nan,nan,nan,nan
262,1618305053667,nan,nan,nan,nan,nan
263,1618305053765,nan,nan,nan,nan,nan
264,1618305053859,nan,nan,nan,nan,nan
265,1618305053942,nan,nan,nan,nan,nan
266,1618305054044,nan,nan,nan,nan,nan
267,1618305054141,nan,nan,nan,nan,nan
268,1618305054229,nan,nan,nan,nan,nan
269,1618305054343,nan,nan,nan,nan,nan
270,1618305054461,nan,nan,nan,nan,nan
271,1618305054563,nan,nan,nan,nan,nan
272,1618305054677,nan,nan,nan,nan,nan
273,1618305054780,nan,nan,nan,nan,nan
274,1618305054888,nan,nan,nan,nan,nan
275,1618305054984,nan,nan,nan,nan,nan
276,1618305055098,nan,nan,nan,nan,nan
277,1618305055202,nan,nan,nan,nan,nan
278,1618305055303,nan,nan,nan,nan,nan
279,1618305055402,nan,nan,nan,nan,nan
280,1618305055492,nan,nan,nan,nan,nan
281,1618305055586,nan,nan,nan,nan,nan
282,1618305055703,nan,nan,nan,nan,nan
283,1618305055782,of,133M,8.0M,4.8M,110
284,1618305056247,of,153M,66M,5.3M,277
285,1618305056694,of,153M,67M,5.3M,271
286,1618305057154,of,153M,67M,5.3M,267
287,1618305057615,of,153M,66M,5.3M,267
288,1618305058071,of,153M,66M,5.3M,274
289,1618305058506,of,153M,66M,5.3M,277
290,1618305058957,of,153M,66M,5.3M,232
291,1618305059383,of,153M,67M,5.3M,303
292,1618305059873,of,153M,66M,5.3M,239
293,1618305060313,of,153M,67M,5.3M,271
294,1618305060771,of,153M,66M,5.3M,277
295,1618305061216,of,153M,66M,5.3M,267
296,1618305061670,of,153M,66M,5.3M,277
297,1618305062105,of,153M,66M,5.3M,268
298,1618305062573,of,153M,66M,5.3M,275
299,1618305063037,of,153M,66M,5.3M,271
300,1618305063491,of,153M,66M,5.3M,274
301,1618305063934,of,153M,66M,5.3M,271
302,1618305064392,of,153M,66M,5.3M,274
303,1618305064833,of,153M,67M,5.3M,267
304,1618305065298,of,153M,66M,5.3M,271
305,1618305065750,of,153M,66M,5.3M,277
306,1618305066194,of,153M,67M,5.3M,271
307,1618305066649,of,153M,66M,5.3M,314
308,1618305067155,of,153M,66M,5.3M,157
309,1618305067580,of,153M,66M,5.3M,310
310,1618305068000,of,153M,66M,5.3M,314
311,1618305068437,nan,nan,nan,nan,nan
312,1618305068520,of,133M,8.0M,4.8M,132
313,1618305068963,of,155M,69M,5.4M,289
314,1618305069410,of,155M,68M,5.4M,282
315,1618305069864,of,155M,68M,5.4M,289
316,1618305070329,of,155M,68M,5.4M,303
317,1618305070772,of,155M,68M,5.4M,307
318,1618305071206,of,155M,68M,5.4M,289
319,1618305071649,of,155M,68M,5.4M,307
320,1618305072089,of,155M,68M,5.4M,307
321,1618305072530,of,155M,68M,5.4M,288
322,1618305072970,of,155M,68M,5.4M,296
323,1618305073440,of,155M,68M,5.4M,296
324,1618305073910,of,155M,68M,5.4M,303
325,1618305074350,of,155M,69M,5.4M,303
326,1618305074787,of,155M,69M,5.4M,300
327,1618305075231,of,155M,68M,5.4M,311
328,1618305075681,of,155M,68M,5.4M,292
329,1618305076128,of,155M,69M,5.4M,303
330,1618305076589,of,155M,68M,5.4M,189
331,1618305077019,of,155M,68M,5.4M,335
332,1618305077439,of,155M,68M,5.4M,339
333,1618305077862,of,nan,nan,nan,nan
334,1618305078327,of,153M,66M,5.2M,300
335,1618305078790,of,157M,71M,5.2M,303
336,1618305079228,of,157M,71M,5.2M,311
337,1618305079667,of,157M,70M,5.2M,311
338,1618305080105,of,157M,70M,5.2M,307
339,1618305080542,of,157M,72M,5.2M,300
340,1618305080985,of,157M,71M,5.2M,293
341,1618305081448,of,157M,70M,5.2M,300
342,1618305081910,of,157M,71M,5.2M,311
343,1618305082346,of,157M,71M,5.2M,293
344,1618305082805,of,157M,71M,5.2M,296
345,1618305083289,of,157M,71M,5.2M,192
346,1618305083718,of,157M,70M,5.3M,339
347,1618305084136,of,nan,nan,nan,nan
348,1618305084624,of,141M,8.1M,4.9M,228
349,1618305085060,of,167M,74M,5.3M,307
350,1618305085501,of,167M,74M,5.3M,307
351,1618305085943,of,167M,75M,5.3M,300
352,1618305086404,of,167M,74M,5.3M,322
353,1618305086841,of,167M,74M,5.3M,310
354,1618305087266,of,167M,75M,5.3M,322
355,1618305087708,of,167M,75M,5.3M,307
356,1618305088163,of,167M,75M,5.3M,318
357,1618305088604,of,167M,75M,5.3M,200
358,1618305089019,of,167M,75M,5.3M,350
359,1618305089436,of,nan,nan,nan,nan
360,1618305089902,of,133M,7.9M,4.7M,158
361,1618305090343,of,171M,82M,5.2M,317
362,1618305090779,of,171M,82M,5.2M,321
363,1618305091203,of,171M,83M,5.2M,333
364,1618305091623,of,171M,83M,5.2M,329
365,1618305092043,of,171M,82M,5.2M,321
366,1618305092463,of,171M,81M,5.2M,321
367,1618305092899,of,171M,82M,5.2M,314
368,1618305093338,of,171M,82M,5.2M,217
369,1618305093761,of,171M,82M,5.3M,357
370,1618305094177,of,171M,82M,5.3M,357
371,1618305094596,of,nan,nan,nan,nan
372,1618305095068,nan,nan,nan,nan,nan
373,1618305095164,nan,nan,nan,nan,nan
374,1618305095283,nan,nan,nan,nan,nan
375,1618305095383,nan,nan,nan,nan,nan
376,1618305095483,nan,nan,nan,nan,nan
377,1618305095583,nan,nan,nan,nan,nan
378,1618305095703,nan,nan,nan,nan,nan
379,1618305095803,nan,nan,nan,nan,nan
380,1618305095923,nan,nan,nan,nan,nan
381,1618305096042,nan,nan,nan,nan,nan
382,1618305096162,nan,nan,nan,nan,nan
383,1618305096282,nan,nan,nan,nan,nan
384,1618305096402,nan,nan,nan,nan,nan
385,1618305096503,nan,nan,nan,nan,nan
386,1618305096606,nan,nan,nan,nan,nan
387,1618305096723,nan,nan,nan,nan,nan
388,1618305096842,nan,nan,nan,nan,nan
389,1618305096945,nan,nan,nan,nan,nan
390,1618305097044,nan,nan,nan,nan,nan
391,1618305097163,nan,nan,nan,nan,nan
392,1618305097284,nan,nan,nan,nan,nan
393,1618305097385,nan,nan,nan,nan,nan
394,1618305097483,nan,nan,nan,nan,nan
395,1618305097586,nan,nan,nan,nan,nan
396,1618305097702,nan,nan,nan,nan,nan
397,1618305097803,nan,nan,nan,nan,nan
398,1618305097922,nan,nan,nan,nan,nan
399,1618305098022,nan,nan,nan,nan,nan
400,1618305098123,nan,nan,nan,nan,nan
401,1618305098243,nan,nan,nan,nan,nan
402,1618305098363,nan,nan,nan,nan,nan
403,1618305098483,nan,nan,nan,nan,nan
404,1618305098603,nan,nan,nan,nan,nan
405,1618305098706,nan,nan,nan,nan,nan
406,1618305098823,nan,nan,nan,nan,nan
407,1618305098943,nan,nan,nan,nan,nan
408,1618305099062,nan,nan,nan,nan,nan
409,1618305099181,nan,nan,nan,nan,nan
410,1618305099301,nan,nan,nan,nan,nan
411,1618305099421,nan,nan,nan,nan,nan
412,1618305099541,nan,nan,nan,nan,nan
413,1618305099660,nan,nan,nan,nan,nan
414,1618305099781,nan,nan,nan,nan,nan
415,1618305099901,nan,nan,nan,nan,nan
416,1618305100020,nan,nan,nan,nan,nan
417,1618305100141,nan,nan,nan,nan,nan
418,1618305100243,nan,nan,nan,nan,nan
419,1618305100345,nan,nan,nan,nan,nan
420,1618305100463,nan,nan,nan,nan,nan
421,1618305100563,nan,nan,nan,nan,nan
422,1618305100682,nan,nan,nan,nan,nan
423,1618305100782,nan,nan,nan,nan,nan
424,1618305100883,nan,nan,nan,nan,nan
425,1618305100983,nan,nan,nan,nan,nan
426,1618305101103,nan,nan,nan,nan,nan
427,1618305101223,nan,nan,nan,nan,nan
428,1618305101323,nan,nan,nan,nan,nan
429,1618305101442,nan,nan,nan,nan,nan
430,1618305101543,nan,nan,nan,nan,nan
431,1618305101647,nan,nan,nan,nan,nan
432,1618305101762,nan,nan,nan,nan,nan
433,1618305101881,nan,nan,nan,nan,nan
434,1618305101983,nan,nan,nan,nan,nan
435,1618305102085,nan,nan,nan,nan,nan
436,1618305102185,nan,nan,nan,nan,nan
437,1618305102303,nan,nan,nan,nan,nan
438,1618305102405,nan,nan,nan,nan,nan
439,1618305102505,nan,nan,nan,nan,nan
440,1618305102604,nan,nan,nan,nan,nan
441,1618305102700,nan,nan,nan,nan,nan
442,1618305102803,nan,nan,nan,nan,nan
443,1618305102921,nan,nan,nan,nan,nan
444,1618305103041,nan,nan,nan,nan,nan
445,1618305103144,nan,nan,nan,nan,nan
446,1618305103262,nan,nan,nan,nan,nan
447,1618305103364,nan,nan,nan,nan,nan
448,1618305103483,nan,nan,nan,nan,nan
449,1618305103602,nan,nan,nan,nan,nan
450,1618305103722,nan,nan,nan,nan,nan
451,1618305103823,nan,nan,nan,nan,nan
452,1618305103923,nan,nan,nan,nan,nan
453,1618305104043,nan,nan,nan,nan,nan
454,1618305104144,nan,nan,nan,nan,nan
455,1618305104247,nan,nan,nan,nan,nan
456,1618305104363,nan,nan,nan,nan,nan
457,1618305104482,nan,nan,nan,nan,nan
458,1618305104583,nan,nan,nan,nan,nan
459,1618305104683,nan,nan,nan,nan,nan
460,1618305104802,nan,nan,nan,nan,nan
461,1618305104922,nan,nan,nan,nan,nan
462,1618305105043,nan,nan,nan,nan,nan
463,1618305105142,nan,nan,nan,nan,nan
464,1618305105261,nan,nan,nan,nan,nan
465,1618305105362,nan,nan,nan,nan,nan
466,1618305105482,nan,nan,nan,nan,nan
467,1618305105602,nan,nan,nan,nan,nan
468,1618305105701,nan,nan,nan,nan,nan
469,1618305105803,nan,nan,nan,nan,nan
470,1618305105922,nan,nan,nan,nan,nan
471,1618305106023,nan,nan,nan,nan,nan
472,1618305106143,nan,nan,nan,nan,nan
473,1618305106246,nan,nan,nan,nan,nan
474,1618305106363,nan,nan,nan,nan,nan
475,1618305106463,nan,nan,nan,nan,nan
476,1618305106583,nan,nan,nan,nan,nan
477,1618305106683,nan,nan,nan,nan,nan
478,1618305106783,nan,nan,nan,nan,nan
479,1618305106883,nan,nan,nan,nan,nan
480,1618305106983,nan,nan,nan,nan,nan
481,1618305107103,nan,nan,nan,nan,nan
482,1618305107222,nan,nan,nan,nan,nan
483,1618305107342,nan,nan,nan,nan,nan
484,1618305107461,nan,nan,nan,nan,nan
485,1618305107563,nan,nan,nan,nan,nan
486,1618305107666,nan,nan,nan,nan,nan
487,1618305107763,nan,nan,nan,nan,nan
488,1618305107863,nan,nan,nan,nan,nan
489,1618305107964,nan,nan,nan,nan,nan
490,1618305108083,nan,nan,nan,nan,nan
491,1618305108183,nan,nan,nan,nan,nan
492,1618305108304,nan,nan,nan,nan,nan
493,1618305108404,nan,nan,nan,nan,nan
494,1618305108523,nan,nan,nan,nan,nan
495,1618305108643,nan,nan,nan,nan,nan
496,1618305108766,nan,nan,nan,nan,nan
497,1618305108866,nan,nan,nan,nan,nan
498,1618305108980,nan,nan,nan,nan,nan
499,1618305109082,nan,nan,nan,nan,nan
500,1618305109201,nan,nan,nan,nan,nan
501,1618305109322,nan,nan,nan,nan,nan
502,1618305109422,nan,nan,nan,nan,nan
503,1618305109542,nan,nan,nan,nan,nan
504,1618305109642,nan,nan,nan,nan,nan
505,1618305109743,nan,nan,nan,nan,nan
506,1618305109863,nan,nan,nan,nan,nan
507,1618305109981,nan,nan,nan,nan,nan
508,1618305110082,nan,nan,nan,nan,nan
509,1618305110202,nan,nan,nan,nan,nan
510,1618305110303,nan,nan,nan,nan,nan
511,1618305110403,nan,nan,nan,nan,nan
512,1618305110521,nan,nan,nan,nan,nan
513,1618305110622,nan,nan,nan,nan,nan
514,1618305110712,nan,nan,nan,nan,nan
515,1618305110791,nan,nan,nan,nan,nan
516,1618305110902,nan,nan,nan,nan,nan
517,1618305111022,nan,nan,nan,nan,nan
518,1618305111123,nan,nan,nan,nan,nan
519,1618305111242,nan,nan,nan,nan,nan
520,1618305111361,nan,nan,nan,nan,nan
521,1618305111481,nan,nan,nan,nan,nan
522,1618305111582,nan,nan,nan,nan,nan
523,1618305111682,nan,nan,nan,nan,nan
524,1618305111803,nan,nan,nan,nan,nan
525,1618305111903,nan,nan,nan,nan,nan
526,1618305112003,nan,nan,nan,nan,nan
527,1618305112102,nan,nan,nan,nan,nan
528,1618305112202,nan,nan,nan,nan,nan
529,1618305112322,nan,nan,nan,nan,nan
530,1618305112422,nan,nan,nan,nan,nan
531,1618305112523,nan,nan,nan,nan,nan
532,1618305112623,nan,nan,nan,nan,nan
533,1618305112723,nan,nan,nan,nan,nan
534,1618305112822,nan,nan,nan,nan,nan
535,1618305112942,nan,nan,nan,nan,nan
536,1618305113062,nan,nan,nan,nan,nan
537,1618305113181,nan,nan,nan,nan,nan
538,1618305113283,nan,nan,nan,nan,nan
539,1618305113402,nan,nan,nan,nan,nan
540,1618305113521,nan,nan,nan,nan,nan
541,1618305113622,nan,nan,nan,nan,nan
542,1618305113723,nan,nan,nan,nan,nan
543,1618305113823,nan,nan,nan,nan,nan
544,1618305113922,nan,nan,nan,nan,nan
545,1618305114041,nan,nan,nan,nan,nan
546,1618305114142,nan,nan,nan,nan,nan
547,1618305114242,nan,nan,nan,nan,nan
548,1618305114342,nan,nan,nan,nan,nan
549,1618305114462,nan,nan,nan,nan,nan
550,1618305114563,nan,nan,nan,nan,nan
551,1618305114683,nan,nan,nan,nan,nan
552,1618305114802,nan,nan,nan,nan,nan
553,1618305114903,nan,nan,nan,nan,nan
554,1618305115002,nan,nan,nan,nan,nan
555,1618305115123,nan,nan,nan,nan,nan
556,1618305115222,nan,nan,nan,nan,nan
557,1618305115341,nan,nan,nan,nan,nan
558,1618305115443,nan,nan,nan,nan,nan
559,1618305115563,nan,nan,nan,nan,nan
560,1618305115682,nan,nan,nan,nan,nan
561,1618305115802,nan,nan,nan,nan,nan
562,1618305115921,nan,nan,nan,nan,nan
563,1618305116042,nan,nan,nan,nan,nan
564,1618305116143,nan,nan,nan,nan,nan
565,1618305116243,nan,nan,nan,nan,nan
566,1618305116362,nan,nan,nan,nan,nan
567,1618305116482,nan,nan,nan,nan,nan
568,1618305116582,nan,nan,nan,nan,nan
569,1618305116683,nan,nan,nan,nan,nan
570,1618305116784,nan,nan,nan,nan,nan
571,1618305116903,nan,nan,nan,nan,nan
572,1618305117003,nan,nan,nan,nan,nan
573,1618305117122,nan,nan,nan,nan,nan
574,1618305117241,nan,nan,nan,nan,nan
575,1618305117343,nan,nan,nan,nan,nan
576,1618305117442,nan,nan,nan,nan,nan
577,1618305117561,nan,nan,nan,nan,nan
578,1618305117662,nan,nan,nan,nan,nan
579,1618305117767,nan,nan,nan,nan,nan
580,1618305117866,nan,nan,nan,nan,nan
581,1618305117982,nan,nan,nan,nan,nan
582,1618305118101,nan,nan,nan,nan,nan
583,1618305118202,nan,nan,nan,nan,nan
584,1618305118322,nan,nan,nan,nan,nan
585,1618305118423,nan,nan,nan,nan,nan
586,1618305118542,nan,nan,nan,nan,nan
587,1618305118661,nan,nan,nan,nan,nan
588,1618305118763,nan,nan,nan,nan,nan
589,1618305118881,nan,nan,nan,nan,nan
590,1618305118983,nan,nan,nan,nan,nan
591,1618305119083,nan,nan,nan,nan,nan
592,1618305119182,nan,nan,nan,nan,nan
593,1618305119287,nan,nan,nan,nan,nan
594,1618305119383,nan,nan,nan,nan,nan
595,1618305119503,nan,nan,nan,nan,nan
596,1618305119603,nan,nan,nan,nan,nan
597,1618305119703,nan,nan,nan,nan,nan
598,1618305119802,nan,nan,nan,nan,nan
599,1618305119921,nan,nan,nan,nan,nan
600,1618305120028,nan,nan,nan,nan,nan
601,1618305120120,nan,nan,nan,nan,nan
602,1618305120239,nan,nan,nan,nan,nan
603,1618305120343,nan,nan,nan,nan,nan
604,1618305120467,nan,nan,nan,nan,nan
605,1618305120584,nan,nan,nan,nan,nan
606,1618305120702,nan,nan,nan,nan,nan
607,1618305120821,nan,nan,nan,nan,nan
608,1618305120943,nan,nan,nan,nan,nan
609,1618305121064,nan,nan,nan,nan,nan
610,1618305121180,nan,nan,nan,nan,nan
611,1618305121303,nan,nan,nan,nan,nan
612,1618305121422,nan,nan,nan,nan,nan
613,1618305121544,nan,nan,nan,nan,nan
614,1618305121664,nan,nan,nan,nan,nan
615,1618305121785,nan,nan,nan,nan,nan
616,1618305121904,nan,nan,nan,nan,nan
617,1618305122022,nan,nan,nan,nan,nan
618,1618305122124,nan,nan,nan,nan,nan
619,1618305122242,nan,nan,nan,nan,nan
620,1618305122342,nan,nan,nan,nan,nan
621,1618305122443,nan,nan,nan,nan,nan
622,1618305122542,nan,nan,nan,nan,nan
623,1618305122664,nan,nan,nan,nan,nan
624,1618305122763,nan,nan,nan,nan,nan
625,1618305122884,nan,nan,nan,nan,nan
626,1618305122984,nan,nan,nan,nan,nan
627,1618305123083,nan,nan,nan,nan,nan
628,1618305123184,nan,nan,nan,nan,nan
629,1618305123303,nan,nan,nan,nan,nan
630,1618305123402,nan,nan,nan,nan,nan
631,1618305123523,nan,nan,nan,nan,nan
632,1618305123642,nan,nan,nan,nan,nan
633,1618305123753,nan,nan,nan,nan,nan
634,1618305123843,nan,nan,nan,nan,nan
635,1618305123963,nan,nan,nan,nan,nan
636,1618305124082,nan,nan,nan,nan,nan
637,1618305124183,nan,nan,nan,nan,nan
638,1618305124285,nan,nan,nan,nan,nan
639,1618305124401,nan,nan,nan,nan,nan
640,1618305124527,nan,nan,nan,nan,nan
641,1618305124644,nan,nan,nan,nan,nan
642,1618305124767,nan,nan,nan,nan,nan
643,1618305124883,nan,nan,nan,nan,nan
644,1618305124982,nan,nan,nan,nan,nan
645,1618305125102,nan,nan,nan,nan,nan
646,1618305125202,nan,nan,nan,nan,nan
647,1618305125302,nan,nan,nan,nan,nan
648,1618305125403,nan,nan,nan,nan,nan
649,1618305125523,nan,nan,nan,nan,nan
650,1618305125622,nan,nan,nan,nan,nan
651,1618305125742,nan,nan,nan,nan,nan
652,1618305125842,nan,nan,nan,nan,nan
653,1618305125964,nan,nan,nan,nan,nan
654,1618305126081,nan,nan,nan,nan,nan
655,1618305126183,nan,nan,nan,nan,nan
656,1618305126302,nan,nan,nan,nan,nan
657,1618305126421,nan,nan,nan,nan,nan
658,1618305126522,nan,nan,nan,nan,nan
659,1618305126622,nan,nan,nan,nan,nan
660,1618305126740,nan,nan,nan,nan,nan
661,1618305126843,nan,nan,nan,nan,nan
662,1618305126963,nan,nan,nan,nan,nan
663,1618305127063,nan,nan,nan,nan,nan
664,1618305127163,nan,nan,nan,nan,nan
665,1618305127282,nan,nan,nan,nan,nan
666,1618305127383,nan,nan,nan,nan,nan
667,1618305127504,nan,nan,nan,nan,nan
668,1618305127627,nan,nan,nan,nan,nan
669,1618305127743,nan,nan,nan,nan,nan
670,1618305127842,nan,nan,nan,nan,nan
671,1618305127943,nan,nan,nan,nan,nan
672,1618305128042,nan,nan,nan,nan,nan
673,1618305128142,nan,nan,nan,nan,nan
674,1618305128243,nan,nan,nan,nan,nan
675,1618305128362,nan,nan,nan,nan,nan
676,1618305128463,nan,nan,nan,nan,nan
677,1618305128564,nan,nan,nan,nan,nan
678,1618305128683,nan,nan,nan,nan,nan
679,1618305128783,nan,nan,nan,nan,nan
680,1618305128883,nan,nan,nan,nan,nan
681,1618305129003,nan,nan,nan,nan,nan
682,1618305129123,nan,nan,nan,nan,nan
683,1618305129244,nan,nan,nan,nan,nan
684,1618305129363,nan,nan,nan,nan,nan
685,1618305129484,nan,nan,nan,nan,nan
686,1618305129608,nan,nan,nan,nan,nan
687,1618305129704,nan,nan,nan,nan,nan
688,1618305129822,nan,nan,nan,nan,nan
689,1618305129943,nan,nan,nan,nan,nan
690,1618305130064,nan,nan,nan,nan,nan
691,1618305130187,nan,nan,nan,nan,nan
692,1618305130302,nan,nan,nan,nan,nan
693,1618305130402,nan,nan,nan,nan,nan
694,1618305130504,nan,nan,nan,nan,nan
695,1618305130622,nan,nan,nan,nan,nan
696,1618305130722,nan,nan,nan,nan,nan
697,1618305130824,nan,nan,nan,nan,nan
698,1618305130944,nan,nan,nan,nan,nan
699,1618305131063,nan,nan,nan,nan,nan
700,1618305131163,nan,nan,nan,nan,nan
701,1618305131263,nan,nan,nan,nan,nan
702,1618305131351,nan,nan,nan,nan,nan
703,1618305131439,nan,nan,nan,nan,nan
704,1618305131530,nan,nan,nan,nan,nan
705,1618305131618,nan,nan,nan,nan,nan
706,1618305131723,nan,nan,nan,nan,nan
707,1618305131842,nan,nan,nan,nan,nan
708,1618305131940,nan,nan,nan,nan,nan
709,1618305132059,nan,nan,nan,nan,nan
710,1618305132163,nan,nan,nan,nan,nan
711,1618305132268,nan,nan,nan,nan,nan
712,1618305132383,nan,nan,nan,nan,nan
713,1618305132505,nan,nan,nan,nan,nan
714,1618305132628,nan,nan,nan,nan,nan
715,1618305132723,nan,nan,nan,nan,nan
716,1618305132832,nan,nan,nan,nan,nan
717,1618305132945,nan,nan,nan,nan,nan
718,1618305133063,nan,nan,nan,nan,nan
719,1618305133184,nan,nan,nan,nan,nan
720,1618305133305,nan,nan,nan,nan,nan
721,1618305133404,nan,nan,nan,nan,nan
722,1618305133523,nan,nan,nan,nan,nan
723,1618305133642,nan,nan,nan,nan,nan
724,1618305133742,nan,nan,nan,nan,nan
725,1618305133843,nan,nan,nan,nan,nan
726,1618305133962,nan,nan,nan,nan,nan
727,1618305134065,nan,nan,nan,nan,nan
728,1618305134166,nan,nan,nan,nan,nan
729,1618305134284,nan,nan,nan,nan,nan
730,1618305134383,nan,nan,nan,nan,nan
731,1618305134484,nan,nan,nan,nan,nan
732,1618305134602,nan,nan,nan,nan,nan
733,1618305134703,nan,nan,nan,nan,nan
734,1618305134804,nan,nan,nan,nan,nan
735,1618305134902,nan,nan,nan,nan,nan
736,1618305135026,nan,nan,nan,nan,nan
737,1618305135148,nan,nan,nan,nan,nan
738,1618305135263,nan,nan,nan,nan,nan
739,1618305135362,nan,nan,nan,nan,nan
740,1618305135484,nan,nan,nan,nan,nan
741,1618305135584,nan,nan,nan,nan,nan
742,1618305135684,nan,nan,nan,nan,nan
743,1618305135802,nan,nan,nan,nan,nan
744,1618305135921,nan,nan,nan,nan,nan
745,1618305136022,nan,nan,nan,nan,nan
746,1618305136123,nan,nan,nan,nan,nan
747,1618305136222,nan,nan,nan,nan,nan
748,1618305136341,nan,nan,nan,nan,nan
749,1618305136443,nan,nan,nan,nan,nan
750,1618305136548,nan,nan,nan,nan,nan
751,1618305136662,nan,nan,nan,nan,nan
752,1618305136762,nan,nan,nan,nan,nan
753,1618305136862,nan,nan,nan,nan,nan
754,1618305136988,nan,nan,nan,nan,nan
755,1618305137055,nan,nan,nan,nan,nan
756,1618305137147,nan,nan,nan,nan,nan
757,1618305137264,nan,nan,nan,nan,nan
758,1618305137383,nan,nan,nan,nan,nan
759,1618305137502,nan,nan,nan,nan,nan
760,1618305137624,nan,nan,nan,nan,nan
761,1618305137742,nan,nan,nan,nan,nan
762,1618305137862,nan,nan,nan,nan,nan
763,1618305137962,nan,nan,nan,nan,nan
764,1618305138087,nan,nan,nan,nan,nan
765,1618305138183,nan,nan,nan,nan,nan
766,1618305138283,nan,nan,nan,nan,nan
767,1618305138402,nan,nan,nan,nan,nan
768,1618305138502,nan,nan,nan,nan,nan
769,1618305138622,nan,nan,nan,nan,nan
770,1618305138722,nan,nan,nan,nan,nan
771,1618305138860,nan,nan,nan,nan,nan
772,1618305138987,nan,nan,nan,nan,nan
773,1618305139103,nan,nan,nan,nan,nan
774,1618305139203,nan,nan,nan,nan,nan
775,1618305139305,nan,nan,nan,nan,nan
776,1618305139403,nan,nan,nan,nan,nan
777,1618305139503,nan,nan,nan,nan,nan
778,1618305139603,nan,nan,nan,nan,nan
779,1618305139705,nan,nan,nan,nan,nan
780,1618305139826,nan,nan,nan,nan,nan
781,1618305139943,nan,nan,nan,nan,nan
782,1618305140043,nan,nan,nan,nan,nan
783,1618305140143,nan,nan,nan,nan,nan
784,1618305140262,nan,nan,nan,nan,nan
785,1618305140364,nan,nan,nan,nan,nan
786,1618305140465,nan,nan,nan,nan,nan
787,1618305140564,nan,nan,nan,nan,nan
788,1618305140684,nan,nan,nan,nan,nan
789,1618305140807,nan,nan,nan,nan,nan
790,1618305140924,nan,nan,nan,nan,nan
791,1618305141025,nan,nan,nan,nan,nan
792,1618305141148,nan,nan,nan,nan,nan
793,1618305141264,nan,nan,nan,nan,nan
794,1618305141383,nan,nan,nan,nan,nan
795,1618305141485,nan,nan,nan,nan,nan
796,1618305141602,nan,nan,nan,nan,nan
797,1618305141702,nan,nan,nan,nan,nan
798,1618305141825,nan,nan,nan,nan,nan
799,1618305141942,nan,nan,nan,nan,nan
800,1618305142042,nan,nan,nan,nan,nan
801,1618305142162,nan,nan,nan,nan,nan
802,1618305142263,nan,nan,nan,nan,nan
803,1618305142362,nan,nan,nan,nan,nan
804,1618305142482,nan,nan,nan,nan,nan
805,1618305142582,nan,nan,nan,nan,nan
806,1618305142707,nan,nan,nan,nan,nan
807,1618305142804,nan,nan,nan,nan,nan
808,1618305142923,nan,nan,nan,nan,nan
809,1618305143023,nan,nan,nan,nan,nan
810,1618305143144,nan,nan,nan,nan,nan
811,1618305143242,nan,nan,nan,nan,nan
812,1618305143343,nan,nan,nan,nan,nan
813,1618305143462,nan,nan,nan,nan,nan
814,1618305143562,nan,nan,nan,nan,nan
815,1618305143683,nan,nan,nan,nan,nan
816,1618305143788,nan,nan,nan,nan,nan
817,1618305143905,nan,nan,nan,nan,nan
818,1618305144004,nan,nan,nan,nan,nan
819,1618305144124,nan,nan,nan,nan,nan
820,1618305144225,nan,nan,nan,nan,nan
821,1618305144344,nan,nan,nan,nan,nan
822,1618305144462,nan,nan,nan,nan,nan
823,1618305144583,nan,nan,nan,nan,nan
824,1618305144702,nan,nan,nan,nan,nan
825,1618305144804,nan,nan,nan,nan,nan
826,1618305144922,nan,nan,nan,nan,nan
827,1618305145041,nan,nan,nan,nan,nan
828,1618305145162,nan,nan,nan,nan,nan
829,1618305145281,nan,nan,nan,nan,nan
830,1618305145407,nan,nan,nan,nan,nan
831,1618305145522,nan,nan,nan,nan,nan
832,1618305145623,nan,nan,nan,nan,nan
833,1618305145742,nan,nan,nan,nan,nan
834,1618305145862,nan,nan,nan,nan,nan
835,1618305145962,nan,nan,nan,nan,nan
836,1618305146081,nan,nan,nan,nan,nan
837,1618305146183,nan,nan,nan,nan,nan
838,1618305146283,nan,nan,nan,nan,nan
839,1618305146383,nan,nan,nan,nan,nan
840,1618305146483,nan,nan,nan,nan,nan
841,1618305146585,nan,nan,nan,nan,nan
842,1618305146684,nan,nan,nan,nan,nan
843,1618305146783,nan,nan,nan,nan,nan
844,1618305146902,nan,nan,nan,nan,nan
845,1618305147003,nan,nan,nan,nan,nan
846,1618305147121,nan,nan,nan,nan,nan
847,1618305147247,nan,nan,nan,nan,nan
848,1618305147361,nan,nan,nan,nan,nan
849,1618305147482,nan,nan,nan,nan,nan
850,1618305147583,nan,nan,nan,nan,nan
851,1618305147683,nan,nan,nan,nan,nan
852,1618305147803,nan,nan,nan,nan,nan
853,1618305147922,nan,nan,nan,nan,nan
854,1618305148023,nan,nan,nan,nan,nan
855,1618305148123,nan,nan,nan,nan,nan
856,1618305148222,nan,nan,nan,nan,nan
857,1618305148323,nan,nan,nan,nan,nan
858,1618305148424,nan,nan,nan,nan,nan
859,1618305148523,nan,nan,nan,nan,nan
860,1618305148622,nan,nan,nan,nan,nan
861,1618305148744,nan,nan,nan,nan,nan
862,1618305148862,nan,nan,nan,nan,nan
863,1618305148984,nan,nan,nan,nan,nan
864,1618305149085,nan,nan,nan,nan,nan
865,1618305149203,nan,nan,nan,nan,nan
866,1618305149305,nan,nan,nan,nan,nan
867,1618305149425,nan,nan,nan,nan,nan
868,1618305149542,nan,nan,nan,nan,nan
869,1618305149643,nan,nan,nan,nan,nan
870,1618305149763,nan,nan,nan,nan,nan
871,1618305149882,nan,nan,nan,nan,nan
872,1618305149983,nan,nan,nan,nan,nan
873,1618305150083,nan,nan,nan,nan,nan
874,1618305150202,nan,nan,nan,nan,nan
875,1618305150323,nan,nan,nan,nan,nan
876,1618305150442,nan,nan,nan,nan,nan
877,1618305150545,nan,nan,nan,nan,nan
878,1618305150663,nan,nan,nan,nan,nan
879,1618305150777,nan,nan,nan,nan,nan
880,1618305150897,nan,nan,nan,nan,nan
881,1618305150987,nan,nan,nan,nan,nan
882,1618305151113,nan,nan,nan,nan,nan
883,1618305151206,nan,nan,nan,nan,nan
884,1618305151322,nan,nan,nan,nan,nan
885,1618305151422,nan,nan,nan,nan,nan
886,1618305151522,nan,nan,nan,nan,nan
887,1618305151644,nan,nan,nan,nan,nan
888,1618305151742,nan,nan,nan,nan,nan
889,1618305151863,nan,nan,nan,nan,nan
890,1618305151985,nan,nan,nan,nan,nan
891,1618305152107,nan,nan,nan,nan,nan
892,1618305152201,nan,nan,nan,nan,nan
893,1618305152303,nan,nan,nan,nan,nan
894,1618305152422,nan,nan,nan,nan,nan
895,1618305152522,nan,nan,nan,nan,nan
896,1618305152641,nan,nan,nan,nan,nan
897,1618305152767,nan,nan,nan,nan,nan
898,1618305152881,nan,nan,nan,nan,nan
899,1618305153003,nan,nan,nan,nan,nan
900,1618305153105,nan,nan,nan,nan,nan
901,1618305153206,nan,nan,nan,nan,nan
902,1618305153322,nan,nan,nan,nan,nan
903,1618305153442,nan,nan,nan,nan,nan
904,1618305153543,nan,nan,nan,nan,nan
905,1618305153643,nan,nan,nan,nan,nan
906,1618305153763,nan,nan,nan,nan,nan
907,1618305153863,nan,nan,nan,nan,nan
908,1618305153962,nan,nan,nan,nan,nan
909,1618305154063,nan,nan,nan,nan,nan
910,1618305154164,nan,nan,nan,nan,nan
911,1618305154282,nan,nan,nan,nan,nan
912,1618305154382,nan,nan,nan,nan,nan
913,1618305154483,nan,nan,nan,nan,nan
914,1618305154602,nan,nan,nan,nan,nan
915,1618305154722,nan,nan,nan,nan,nan
916,1618305154823,nan,nan,nan,nan,nan
917,1618305154922,nan,nan,nan,nan,nan
918,1618305155045,nan,nan,nan,nan,nan
919,1618305155144,nan,nan,nan,nan,nan
920,1618305155246,nan,nan,nan,nan,nan
921,1618305155344,nan,nan,nan,nan,nan
922,1618305155460,nan,nan,nan,nan,nan
923,1618305155563,nan,nan,nan,nan,nan
924,1618305155682,nan,nan,nan,nan,nan
925,1618305155783,nan,nan,nan,nan,nan
926,1618305155882,nan,nan,nan,nan,nan
927,1618305155983,nan,nan,nan,nan,nan
928,1618305156103,nan,nan,nan,nan,nan
929,1618305156203,nan,nan,nan,nan,nan
930,1618305156322,nan,nan,nan,nan,nan
931,1618305156422,nan,nan,nan,nan,nan
932,1618305156542,nan,nan,nan,nan,nan
933,1618305156643,nan,nan,nan,nan,nan
934,1618305156742,nan,nan,nan,nan,nan
935,1618305156877,nan,nan,nan,nan,nan
936,1618305156982,nan,nan,nan,nan,nan
937,1618305157082,nan,nan,nan,nan,nan
938,1618305157201,nan,nan,nan,nan,nan
939,1618305157322,nan,nan,nan,nan,nan
940,1618305157441,nan,nan,nan,nan,nan
941,1618305157543,nan,nan,nan,nan,nan
942,1618305157663,nan,nan,nan,nan,nan
943,1618305157763,nan,nan,nan,nan,nan
944,1618305157882,nan,nan,nan,nan,nan
945,1618305157982,nan,nan,nan,nan,nan
946,1618305158102,nan,nan,nan,nan,nan
947,1618305158203,nan,nan,nan,nan,nan
948,1618305158303,nan,nan,nan,nan,nan
949,1618305158423,nan,nan,nan,nan,nan
950,1618305158523,nan,nan,nan,nan,nan
951,1618305158625,nan,nan,nan,nan,nan
952,1618305158743,nan,nan,nan,nan,nan
953,1618305158862,nan,nan,nan,nan,nan
954,1618305158963,nan,nan,nan,nan,nan
955,1618305159063,nan,nan,nan,nan,nan
956,1618305159182,nan,nan,nan,nan,nan
957,1618305159302,nan,nan,nan,nan,nan
958,1618305159404,nan,nan,nan,nan,nan
959,1618305159523,nan,nan,nan,nan,nan
960,1618305159641,nan,nan,nan,nan,nan
961,1618305159754,nan,nan,nan,nan,nan
962,1618305159846,nan,nan,nan,nan,nan
963,1618305159962,nan,nan,nan,nan,nan
964,1618305160063,nan,nan,nan,nan,nan
965,1618305160182,nan,nan,nan,nan,nan
966,1618305160283,nan,nan,nan,nan,nan
967,1618305160383,nan,nan,nan,nan,nan
968,1618305160501,nan,nan,nan,nan,nan
969,1618305160603,nan,nan,nan,nan,nan
970,1618305160723,nan,nan,nan,nan,nan
971,1618305160843,nan,nan,nan,nan,nan
972,1618305160943,nan,nan,nan,nan,nan
973,1618305161043,nan,nan,nan,nan,nan
974,1618305161144,nan,nan,nan,nan,nan
975,1618305161261,nan,nan,nan,nan,nan
976,1618305161362,nan,nan,nan,nan,nan
977,1618305161463,nan,nan,nan,nan,nan
978,1618305161564,nan,nan,nan,nan,nan
979,1618305161664,nan,nan,nan,nan,nan
980,1618305161783,nan,nan,nan,nan,nan
981,1618305161882,nan,nan,nan,nan,nan
982,1618305162002,nan,nan,nan,nan,nan
983,1618305162102,nan,nan,nan,nan,nan
984,1618305162203,nan,nan,nan,nan,nan
985,1618305162303,nan,nan,nan,nan,nan
986,1618305162403,nan,nan,nan,nan,nan
987,1618305162507,nan,nan,nan,nan,nan
988,1618305162623,nan,nan,nan,nan,nan
989,1618305162742,nan,nan,nan,nan,nan
990,1618305162843,nan,nan,nan,nan,nan
991,1618305162943,nan,nan,nan,nan,nan
992,1618305163062,nan,nan,nan,nan,nan
993,1618305163163,nan,nan,nan,nan,nan
994,1618305163262,nan,nan,nan,nan,nan
995,1618305163362,nan,nan,nan,nan,nan
996,1618305163481,nan,nan,nan,nan,nan
997,1618305163601,nan,nan,nan,nan,nan
998,1618305163721,nan,nan,nan,nan,nan
999,1618305163822,nan,nan,nan,nan,nan
1000,1618305163942,nan,nan,nan,nan,nan
1001,1618305164042,nan,nan,nan,nan,nan
1002,1618305164143,nan,nan,nan,nan,nan
1003,1618305164261,nan,nan,nan,nan,nan
1004,1618305164381,nan,nan,nan,nan,nan
1005,1618305164483,nan,nan,nan,nan,nan
1006,1618305164602,nan,nan,nan,nan,nan
1007,1618305164721,nan,nan,nan,nan,nan
1008,1618305164841,nan,nan,nan,nan,nan
1009,1618305164942,nan,nan,nan,nan,nan
1010,1618305165043,nan,nan,nan,nan,nan
1011,1618305165162,nan,nan,nan,nan,nan
1012,1618305165262,nan,nan,nan,nan,nan
1013,1618305165362,nan,nan,nan,nan,nan
1014,1618305165481,nan,nan,nan,nan,nan
1015,1618305165601,nan,nan,nan,nan,nan
1016,1618305165703,nan,nan,nan,nan,nan
1017,1618305165821,nan,nan,nan,nan,nan
1018,1618305165923,nan,nan,nan,nan,nan
1019,1618305166022,nan,nan,nan,nan,nan
1020,1618305166123,nan,nan,nan,nan,nan
1021,1618305166223,nan,nan,nan,nan,nan
1022,1618305166343,nan,nan,nan,nan,nan
1023,1618305166443,nan,nan,nan,nan,nan
1024,1618305166543,nan,nan,nan,nan,nan
1025,1618305166662,nan,nan,nan,nan,nan
1026,1618305166782,nan,nan,nan,nan,nan
1027,1618305166883,nan,nan,nan,nan,nan
1028,1618305166984,nan,nan,nan,nan,nan
1029,1618305167103,nan,nan,nan,nan,nan
1030,1618305167202,nan,nan,nan,nan,nan
1031,1618305167321,nan,nan,nan,nan,nan
1032,1618305167423,nan,nan,nan,nan,nan
1033,1618305167523,nan,nan,nan,nan,nan
1034,1618305167622,nan,nan,nan,nan,nan
1035,1618305167741,nan,nan,nan,nan,nan
1036,1618305167842,nan,nan,nan,nan,nan
1037,1618305167961,nan,nan,nan,nan,nan
1038,1618305168063,nan,nan,nan,nan,nan
1039,1618305168165,nan,nan,nan,nan,nan
1040,1618305168282,nan,nan,nan,nan,nan
1041,1618305168382,nan,nan,nan,nan,nan
1042,1618305168483,nan,nan,nan,nan,nan
1043,1618305168602,nan,nan,nan,nan,nan
1044,1618305168702,nan,nan,nan,nan,nan
1045,1618305168801,nan,nan,nan,nan,nan
1046,1618305168903,nan,nan,nan,nan,nan
1047,1618305169023,nan,nan,nan,nan,nan
1048,1618305169123,nan,nan,nan,nan,nan
1049,1618305169223,nan,nan,nan,nan,nan
1050,1618305169322,nan,nan,nan,nan,nan
1051,1618305169442,nan,nan,nan,nan,nan
1052,1618305169543,nan,nan,nan,nan,nan
1053,1618305169662,nan,nan,nan,nan,nan
1054,1618305169763,nan,nan,nan,nan,nan
1055,1618305169863,nan,nan,nan,nan,nan
1056,1618305169962,nan,nan,nan,nan,nan
1057,1618305170063,nan,nan,nan,nan,nan
1058,1618305170182,nan,nan,nan,nan,nan
1059,1618305170301,nan,nan,nan,nan,nan
1060,1618305170421,nan,nan,nan,nan,nan
1061,1618305170522,nan,nan,nan,nan,nan
1062,1618305170641,nan,nan,nan,nan,nan
1063,1618305170743,nan,nan,nan,nan,nan
1064,1618305170843,nan,nan,nan,nan,nan
1065,1618305170943,nan,nan,nan,nan,nan
1066,1618305171043,nan,nan,nan,nan,nan
1067,1618305171162,nan,nan,nan,nan,nan
1068,1618305171263,nan,nan,nan,nan,nan
1069,1618305171381,nan,nan,nan,nan,nan
1070,1618305171482,nan,nan,nan,nan,nan
1071,1618305171602,nan,nan,nan,nan,nan
1072,1618305171703,nan,nan,nan,nan,nan
1073,1618305171801,nan,nan,nan,nan,nan
1074,1618305171902,nan,nan,nan,nan,nan
1075,1618305172021,nan,nan,nan,nan,nan
1076,1618305172122,nan,nan,nan,nan,nan
1077,1618305172223,nan,nan,nan,nan,nan
1078,1618305172323,nan,nan,nan,nan,nan
1079,1618305172423,nan,nan,nan,nan,nan
1080,1618305172522,nan,nan,nan,nan,nan
1081,1618305172623,nan,nan,nan,nan,nan
1082,1618305172723,nan,nan,nan,nan,nan
1083,1618305172825,nan,nan,nan,nan,nan
1084,1618305172941,nan,nan,nan,nan,nan
1085,1618305173042,nan,nan,nan,nan,nan
1086,1618305173142,nan,nan,nan,nan,nan
1087,1618305173263,nan,nan,nan,nan,nan
1088,1618305173365,nan,nan,nan,nan,nan
1089,1618305173483,nan,nan,nan,nan,nan
1090,1618305173583,nan,nan,nan,nan,nan
1091,1618305173683,nan,nan,nan,nan,nan
1092,1618305173802,nan,nan,nan,nan,nan
1093,1618305173922,nan,nan,nan,nan,nan
1094,1618305174022,nan,nan,nan,nan,nan
1095,1618305174141,nan,nan,nan,nan,nan
1096,1618305174242,nan,nan,nan,nan,nan
1097,1618305174343,nan,nan,nan,nan,nan
1098,1618305174462,nan,nan,nan,nan,nan
1099,1618305174563,nan,nan,nan,nan,nan
1100,1618305174662,nan,nan,nan,nan,nan
1101,1618305174781,nan,nan,nan,nan,nan
1102,1618305174882,nan,nan,nan,nan,nan
1103,1618305175001,nan,nan,nan,nan,nan
1104,1618305175121,nan,nan,nan,nan,nan
1105,1618305175222,nan,nan,nan,nan,nan
1106,1618305175323,nan,nan,nan,nan,nan
1107,1618305175425,nan,nan,nan,nan,nan
1108,1618305175526,nan,nan,nan,nan,nan
1109,1618305175659,nan,nan,nan,nan,nan
1110,1618305175762,nan,nan,nan,nan,nan
1111,1618305175882,nan,nan,nan,nan,nan
1112,1618305175983,nan,nan,nan,nan,nan
1113,1618305176102,nan,nan,nan,nan,nan
1114,1618305176222,nan,nan,nan,nan,nan
1115,1618305176341,nan,nan,nan,nan,nan
1116,1618305176461,nan,nan,nan,nan,nan
1117,1618305176563,nan,nan,nan,nan,nan
1118,1618305176663,nan,nan,nan,nan,nan
1119,1618305176782,nan,nan,nan,nan,nan
1120,1618305176901,nan,nan,nan,nan,nan
1121,1618305177003,nan,nan,nan,nan,nan
1122,1618305177102,nan,nan,nan,nan,nan
1123,1618305177222,nan,nan,nan,nan,nan
1124,1618305177341,nan,nan,nan,nan,nan
1125,1618305177443,nan,nan,nan,nan,nan
1126,1618305177562,nan,nan,nan,nan,nan
1127,1618305177662,nan,nan,nan,nan,nan
1128,1618305177763,nan,nan,nan,nan,nan
1129,1618305177881,nan,nan,nan,nan,nan
1130,1618305177982,nan,nan,nan,nan,nan
1131,1618305178082,nan,nan,nan,nan,nan
1132,1618305178183,nan,nan,nan,nan,nan
1133,1618305178303,nan,nan,nan,nan,nan
1134,1618305178402,nan,nan,nan,nan,nan
1135,1618305178523,nan,nan,nan,nan,nan
1136,1618305178623,nan,nan,nan,nan,nan
1137,1618305178742,nan,nan,nan,nan,nan
1138,1618305178842,nan,nan,nan,nan,nan
1139,1618305178944,nan,nan,nan,nan,nan
1140,1618305179044,nan,nan,nan,nan,nan
1141,1618305179162,nan,nan,nan,nan,nan
1142,1618305179281,nan,nan,nan,nan,nan
1143,1618305179382,nan,nan,nan,nan,nan
1144,1618305179483,nan,nan,nan,nan,nan
1145,1618305179584,nan,nan,nan,nan,nan
1146,1618305179702,nan,nan,nan,nan,nan
1147,1618305179803,nan,nan,nan,nan,nan
1148,1618305179921,nan,nan,nan,nan,nan
1149,1618305180041,nan,nan,nan,nan,nan
1150,1618305180142,nan,nan,nan,nan,nan
1151,1618305180254,nan,nan,nan,nan,nan
1152,1618305180347,nan,nan,nan,nan,nan
1153,1618305180462,nan,nan,nan,nan,nan
1154,1618305180563,nan,nan,nan,nan,nan
1155,1618305180663,nan,nan,nan,nan,nan
1156,1618305180782,nan,nan,nan,nan,nan
1157,1618305180917,nan,nan,nan,nan,nan
1158,1618305181007,nan,nan,nan,nan,nan
1159,1618305181122,nan,nan,nan,nan,nan
1160,1618305181223,nan,nan,nan,nan,nan
1161,1618305181342,nan,nan,nan,nan,nan
1162,1618305181461,nan,nan,nan,nan,nan
1163,1618305181563,nan,nan,nan,nan,nan
1164,1618305181683,nan,nan,nan,nan,nan
1165,1618305181802,nan,nan,nan,nan,nan
1166,1618305181903,nan,nan,nan,nan,nan
1167,1618305182004,nan,nan,nan,nan,nan
1168,1618305182122,nan,nan,nan,nan,nan
1169,1618305182242,nan,nan,nan,nan,nan
1170,1618305182342,nan,nan,nan,nan,nan
1171,1618305182462,nan,nan,nan,nan,nan
1172,1618305182563,nan,nan,nan,nan,nan
1173,1618305182682,nan,nan,nan,nan,nan
1174,1618305182783,nan,nan,nan,nan,nan
1175,1618305182902,nan,nan,nan,nan,nan
1176,1618305183003,nan,nan,nan,nan,nan
1177,1618305183105,nan,nan,nan,nan,nan
1178,1618305183221,nan,nan,nan,nan,nan
1179,1618305183341,nan,nan,nan,nan,nan
1180,1618305183442,nan,nan,nan,nan,nan
1181,1618305183543,nan,nan,nan,nan,nan
1182,1618305183643,nan,nan,nan,nan,nan
1183,1618305183762,nan,nan,nan,nan,nan
1184,1618305183880,nan,nan,nan,nan,nan
1185,1618305183983,nan,nan,nan,nan,nan
1186,1618305184084,nan,nan,nan,nan,nan
1187,1618305184203,nan,nan,nan,nan,nan
1188,1618305184302,nan,nan,nan,nan,nan
1189,1618305184422,nan,nan,nan,nan,nan
1190,1618305184523,nan,nan,nan,nan,nan
1191,1618305184622,nan,nan,nan,nan,nan
1192,1618305184723,nan,nan,nan,nan,nan
1193,1618305184823,nan,nan,nan,nan,nan
1194,1618305184923,nan,nan,nan,nan,nan
1195,1618305185042,nan,nan,nan,nan,nan
1196,1618305185142,nan,nan,nan,nan,nan
1197,1618305185247,nan,nan,nan,nan,nan
1198,1618305185362,nan,nan,nan,nan,nan
1199,1618305185481,nan,nan,nan,nan,nan
1200,1618305185602,nan,nan,nan,nan,nan
1201,1618305185703,nan,nan,nan,nan,nan
1202,1618305185803,nan,nan,nan,nan,nan
1203,1618305185921,nan,nan,nan,nan,nan
1204,1618305186023,nan,nan,nan,nan,nan
1205,1618305186142,nan,nan,nan,nan,nan
1206,1618305186244,nan,nan,nan,nan,nan
1207,1618305186343,nan,nan,nan,nan,nan
1208,1618305186462,nan,nan,nan,nan,nan
1209,1618305186582,nan,nan,nan,nan,nan
1210,1618305186704,nan,nan,nan,nan,nan
1211,1618305186821,nan,nan,nan,nan,nan
1212,1618305186924,nan,nan,nan,nan,nan
1213,1618305187041,nan,nan,nan,nan,nan
1214,1618305187161,nan,nan,nan,nan,nan
1215,1618305187263,nan,nan,nan,nan,nan
1216,1618305187365,nan,nan,nan,nan,nan
1217,1618305187481,nan,nan,nan,nan,nan
1218,1618305187582,nan,nan,nan,nan,nan
1219,1618305187701,nan,nan,nan,nan,nan
1220,1618305187803,nan,nan,nan,nan,nan
1221,1618305187903,nan,nan,nan,nan,nan
1222,1618305188022,nan,nan,nan,nan,nan
1223,1618305188122,nan,nan,nan,nan,nan
1224,1618305188242,nan,nan,nan,nan,nan
1225,1618305188342,nan,nan,nan,nan,nan
1226,1618305188463,nan,nan,nan,nan,nan
1227,1618305188563,nan,nan,nan,nan,nan
1228,1618305188683,nan,nan,nan,nan,nan
1229,1618305188783,nan,nan,nan,nan,nan
1230,1618305188887,nan,nan,nan,nan,nan
1231,1618305188985,nan,nan,nan,nan,nan
1232,1618305189102,nan,nan,nan,nan,nan
1233,1618305189222,nan,nan,nan,nan,nan
1234,1618305189342,nan,nan,nan,nan,nan
1235,1618305189443,nan,nan,nan,nan,nan
1236,1618305189561,nan,nan,nan,nan,nan
1237,1618305189662,nan,nan,nan,nan,nan
1238,1618305189782,nan,nan,nan,nan,nan
1239,1618305189893,nan,nan,nan,nan,nan
1240,1618305189987,nan,nan,nan,nan,nan
1241,1618305190083,nan,nan,nan,nan,nan
1242,1618305190182,nan,nan,nan,nan,nan
1243,1618305190301,nan,nan,nan,nan,nan
1244,1618305190402,nan,nan,nan,nan,nan
1245,1618305190522,nan,nan,nan,nan,nan
1246,1618305190622,nan,nan,nan,nan,nan
1247,1618305190742,nan,nan,nan,nan,nan
1248,1618305190842,nan,nan,nan,nan,nan
1249,1618305190962,nan,nan,nan,nan,nan
1250,1618305191062,nan,nan,nan,nan,nan
1251,1618305191182,nan,nan,nan,nan,nan
1252,1618305191300,nan,nan,nan,nan,nan
1253,1618305191403,nan,nan,nan,nan,nan
1254,1618305191503,nan,nan,nan,nan,nan
1255,1618305191622,nan,nan,nan,nan,nan
1256,1618305191740,nan,nan,nan,nan,nan
1257,1618305191842,nan,nan,nan,nan,nan
1258,1618305191942,nan,nan,nan,nan,nan
1259,1618305192060,nan,nan,nan,nan,nan
1260,1618305192181,nan,nan,nan,nan,nan
1261,1618305192282,nan,nan,nan,nan,nan
1262,1618305192383,nan,nan,nan,nan,nan
1263,1618305192485,nan,nan,nan,nan,nan
1264,1618305192602,nan,nan,nan,nan,nan
1265,1618305192703,nan,nan,nan,nan,nan
1266,1618305192802,nan,nan,nan,nan,nan
1267,1618305192922,nan,nan,nan,nan,nan
1268,1618305193023,nan,nan,nan,nan,nan
1269,1618305193123,nan,nan,nan,nan,nan
1270,1618305193242,nan,nan,nan,nan,nan
1271,1618305193342,nan,nan,nan,nan,nan
1272,1618305193443,nan,nan,nan,nan,nan
1273,1618305193563,nan,nan,nan,nan,nan
1274,1618305193682,nan,nan,nan,nan,nan
1275,1618305193783,nan,nan,nan,nan,nan
1276,1618305193883,nan,nan,nan,nan,nan
1277,1618305193982,nan,nan,nan,nan,nan
1278,1618305194083,nan,nan,nan,nan,nan
1279,1618305194204,nan,nan,nan,nan,nan
1280,1618305194302,nan,nan,nan,nan,nan
1281,1618305194421,nan,nan,nan,nan,nan
1282,1618305194523,nan,nan,nan,nan,nan
1283,1618305194624,nan,nan,nan,nan,nan
1284,1618305194743,nan,nan,nan,nan,nan
1285,1618305194863,nan,nan,nan,nan,nan
1286,1618305194963,nan,nan,nan,nan,nan
1287,1618305195063,nan,nan,nan,nan,nan
1288,1618305195182,nan,nan,nan,nan,nan
1289,1618305195283,nan,nan,nan,nan,nan
1290,1618305195385,nan,nan,nan,nan,nan
1291,1618305195484,nan,nan,nan,nan,nan
1292,1618305195601,nan,nan,nan,nan,nan
1293,1618305195703,nan,nan,nan,nan,nan
1294,1618305195802,nan,nan,nan,nan,nan
1295,1618305195903,nan,nan,nan,nan,nan
1296,1618305196005,nan,nan,nan,nan,nan
1297,1618305196104,nan,nan,nan,nan,nan
1298,1618305196207,nan,nan,nan,nan,nan
1299,1618305196321,nan,nan,nan,nan,nan
1300,1618305196422,nan,nan,nan,nan,nan
1301,1618305196541,nan,nan,nan,nan,nan
1302,1618305196643,nan,nan,nan,nan,nan
1303,1618305196742,nan,nan,nan,nan,nan
1304,1618305196862,nan,nan,nan,nan,nan
1305,1618305196962,nan,nan,nan,nan,nan
1306,1618305197063,nan,nan,nan,nan,nan
1307,1618305197180,nan,nan,nan,nan,nan
1308,1618305197283,nan,nan,nan,nan,nan
1309,1618305197402,nan,nan,nan,nan,nan
1310,1618305197502,nan,nan,nan,nan,nan
1311,1618305197602,nan,nan,nan,nan,nan
1312,1618305197721,nan,nan,nan,nan,nan
1313,1618305197822,nan,nan,nan,nan,nan
1314,1618305197923,nan,nan,nan,nan,nan
1315,1618305198023,nan,nan,nan,nan,nan
1316,1618305198122,nan,nan,nan,nan,nan
1317,1618305198241,nan,nan,nan,nan,nan
1318,1618305198342,nan,nan,nan,nan,nan
1319,1618305198443,nan,nan,nan,nan,nan
1320,1618305198544,nan,nan,nan,nan,nan
1321,1618305198644,nan,nan,nan,nan,nan
1322,1618305198762,nan,nan,nan,nan,nan
1323,1618305198859,nan,nan,nan,nan,nan
1324,1618305198963,nan,nan,nan,nan,nan
1325,1618305199083,nan,nan,nan,nan,nan
1326,1618305199202,nan,nan,nan,nan,nan
1327,1618305199321,nan,nan,nan,nan,nan
1328,1618305199441,nan,nan,nan,nan,nan
1329,1618305199543,nan,nan,nan,nan,nan
1330,1618305199642,nan,nan,nan,nan,nan
1331,1618305199762,nan,nan,nan,nan,nan
1332,1618305199863,nan,nan,nan,nan,nan
1333,1618305199962,nan,nan,nan,nan,nan
1334,1618305200084,nan,nan,nan,nan,nan
1335,1618305200185,nan,nan,nan,nan,nan
1336,1618305200303,nan,nan,nan,nan,nan
1337,1618305200403,nan,nan,nan,nan,nan
1338,1618305200523,nan,nan,nan,nan,nan
1339,1618305200623,nan,nan,nan,nan,nan
1340,1618305200742,nan,nan,nan,nan,nan
1341,1618305200862,nan,nan,nan,nan,nan
1342,1618305200962,nan,nan,nan,nan,nan
1343,1618305201063,nan,nan,nan,nan,nan
1344,1618305201182,nan,nan,nan,nan,nan
1345,1618305201302,nan,nan,nan,nan,nan
1346,1618305201402,nan,nan,nan,nan,nan
1347,1618305201503,nan,nan,nan,nan,nan
1348,1618305201607,nan,nan,nan,nan,nan
1349,1618305201722,nan,nan,nan,nan,nan
1350,1618305201822,nan,nan,nan,nan,nan
1351,1618305201941,nan,nan,nan,nan,nan
1352,1618305202061,nan,nan,nan,nan,nan
1353,1618305202181,nan,nan,nan,nan,nan
1354,1618305202301,nan,nan,nan,nan,nan
1355,1618305202403,nan,nan,nan,nan,nan
1356,1618305202502,nan,nan,nan,nan,nan
1357,1618305202603,nan,nan,nan,nan,nan
1358,1618305202705,nan,nan,nan,nan,nan
1359,1618305202824,nan,nan,nan,nan,nan
1360,1618305202925,nan,nan,nan,nan,nan
1361,1618305203042,nan,nan,nan,nan,nan
1362,1618305203142,nan,nan,nan,nan,nan
1363,1618305203262,nan,nan,nan,nan,nan
1364,1618305203362,nan,nan,nan,nan,nan
1365,1618305203481,nan,nan,nan,nan,nan
1366,1618305203583,nan,nan,nan,nan,nan
1367,1618305203683,nan,nan,nan,nan,nan
1368,1618305203785,nan,nan,nan,nan,nan
1369,1618305203903,nan,nan,nan,nan,nan
1370,1618305204002,nan,nan,nan,nan,nan
1371,1618305204103,nan,nan,nan,nan,nan
1372,1618305204222,nan,nan,nan,nan,nan
1373,1618305204323,nan,nan,nan,nan,nan
1374,1618305204423,nan,nan,nan,nan,nan
1375,1618305204522,nan,nan,nan,nan,nan
1376,1618305204622,nan,nan,nan,nan,nan
1377,1618305204741,nan,nan,nan,nan,nan
1378,1618305204860,nan,nan,nan,nan,nan
1379,1618305204981,nan,nan,nan,nan,nan
1380,1618305205084,nan,nan,nan,nan,nan
1381,1618305205201,nan,nan,nan,nan,nan
1382,1618305205321,nan,nan,nan,nan,nan
1383,1618305205422,nan,nan,nan,nan,nan
1384,1618305205523,nan,nan,nan,nan,nan
1385,1618305205622,nan,nan,nan,nan,nan
1386,1618305205722,nan,nan,nan,nan,nan
1387,1618305205823,nan,nan,nan,nan,nan
1388,1618305205923,nan,nan,nan,nan,nan
1389,1618305206023,nan,nan,nan,nan,nan
1390,1618305206123,nan,nan,nan,nan,nan
1391,1618305206242,nan,nan,nan,nan,nan
1392,1618305206361,nan,nan,nan,nan,nan
1393,1618305206462,nan,nan,nan,nan,nan
1394,1618305206563,nan,nan,nan,nan,nan
1395,1618305206663,nan,nan,nan,nan,nan
1396,1618305206782,nan,nan,nan,nan,nan
1397,1618305206901,nan,nan,nan,nan,nan
1398,1618305207002,nan,nan,nan,nan,nan
1399,1618305207122,nan,nan,nan,nan,nan
1400,1618305207243,nan,nan,nan,nan,nan
1401,1618305207362,nan,nan,nan,nan,nan
1402,1618305207463,nan,nan,nan,nan,nan
1403,1618305207563,nan,nan,nan,nan,nan
1404,1618305207662,nan,nan,nan,nan,nan
1405,1618305207763,nan,nan,nan,nan,nan
1406,1618305207865,nan,nan,nan,nan,nan
1407,1618305207981,nan,nan,nan,nan,nan
1408,1618305208101,nan,nan,nan,nan,nan
1409,1618305208202,nan,nan,nan,nan,nan
1410,1618305208321,nan,nan,nan,nan,nan
1411,1618305208439,nan,nan,nan,nan,nan
1412,1618305208542,nan,nan,nan,nan,nan
1413,1618305208662,nan,nan,nan,nan,nan
1414,1618305208782,nan,nan,nan,nan,nan
1415,1618305208882,nan,nan,nan,nan,nan
1416,1618305208983,nan,nan,nan,nan,nan
1417,1618305209102,nan,nan,nan,nan,nan
1418,1618305209222,nan,nan,nan,nan,nan
1419,1618305209323,nan,nan,nan,nan,nan
1420,1618305209423,nan,nan,nan,nan,nan
1421,1618305209522,nan,nan,nan,nan,nan
1422,1618305209622,nan,nan,nan,nan,nan
1423,1618305209741,nan,nan,nan,nan,nan
1424,1618305209843,nan,nan,nan,nan,nan
1425,1618305209963,nan,nan,nan,nan,nan
1426,1618305210062,nan,nan,nan,nan,nan
1427,1618305210182,nan,nan,nan,nan,nan
1428,1618305210283,nan,nan,nan,nan,nan
1429,1618305210383,nan,nan,nan,nan,nan
1430,1618305210498,nan,nan,nan,nan,nan
1431,1618305210602,nan,nan,nan,nan,nan
1432,1618305210703,nan,nan,nan,nan,nan
1433,1618305210803,nan,nan,nan,nan,nan
1434,1618305210939,nan,nan,nan,nan,nan
1435,1618305211042,nan,nan,nan,nan,nan
1436,1618305211142,nan,nan,nan,nan,nan
1437,1618305211263,nan,nan,nan,nan,nan
1438,1618305211363,nan,nan,nan,nan,nan
1439,1618305211462,nan,nan,nan,nan,nan
1440,1618305211566,nan,nan,nan,nan,nan
1441,1618305211664,nan,nan,nan,nan,nan
1442,1618305211788,nan,nan,nan,nan,nan
1443,1618305211903,nan,nan,nan,nan,nan
1444,1618305212003,nan,nan,nan,nan,nan
1445,1618305212102,nan,nan,nan,nan,nan
1446,1618305212203,nan,nan,nan,nan,nan
1447,1618305212302,nan,nan,nan,nan,nan
1448,1618305212405,nan,nan,nan,nan,nan
1449,1618305212524,nan,nan,nan,nan,nan
1450,1618305212642,nan,nan,nan,nan,nan
1451,1618305212745,nan,nan,nan,nan,nan
1452,1618305212862,nan,nan,nan,nan,nan
1453,1618305212962,nan,nan,nan,nan,nan
1454,1618305213082,nan,nan,nan,nan,nan
1455,1618305213182,nan,nan,nan,nan,nan
1456,1618305213305,nan,nan,nan,nan,nan
1457,1618305213423,nan,nan,nan,nan,nan
1458,1618305213544,nan,nan,nan,nan,nan
1459,1618305213664,nan,nan,nan,nan,nan
1460,1618305213787,nan,nan,nan,nan,nan
1461,1618305213900,nan,nan,nan,nan,nan
1462,1618305214002,nan,nan,nan,nan,nan
1463,1618305214103,nan,nan,nan,nan,nan
1464,1618305214222,nan,nan,nan,nan,nan
1465,1618305214324,nan,nan,nan,nan,nan
1466,1618305214424,nan,nan,nan,nan,nan
1467,1618305214542,nan,nan,nan,nan,nan
1468,1618305214643,nan,nan,nan,nan,nan
1469,1618305214742,nan,nan,nan,nan,nan
1470,1618305214862,nan,nan,nan,nan,nan
1471,1618305214962,nan,nan,nan,nan,nan
1472,1618305215062,nan,nan,nan,nan,nan
1473,1618305215162,nan,nan,nan,nan,nan
1474,1618305215265,nan,nan,nan,nan,nan
1475,1618305215383,nan,nan,nan,nan,nan
1476,1618305215503,nan,nan,nan,nan,nan
1477,1618305215623,nan,nan,nan,nan,nan
1478,1618305215745,nan,nan,nan,nan,nan
1479,1618305215863,nan,nan,nan,nan,nan
1480,1618305215963,nan,nan,nan,nan,nan
1481,1618305216062,nan,nan,nan,nan,nan
1482,1618305216182,nan,nan,nan,nan,nan
1483,1618305216304,nan,nan,nan,nan,nan
1484,1618305216422,nan,nan,nan,nan,nan
1485,1618305216523,nan,nan,nan,nan,nan
1486,1618305216642,nan,nan,nan,nan,nan
1487,1618305216742,nan,nan,nan,nan,nan
1488,1618305216841,nan,nan,nan,nan,nan
1489,1618305216964,nan,nan,nan,nan,nan
1490,1618305217062,nan,nan,nan,nan,nan
1491,1618305217163,nan,nan,nan,nan,nan
1492,1618305217282,nan,nan,nan,nan,nan
1493,1618305217378,nan,nan,nan,nan,nan
1494,1618305217485,nan,nan,nan,nan,nan
1495,1618305217606,nan,nan,nan,nan,nan
1496,1618305217722,nan,nan,nan,nan,nan
1497,1618305217843,nan,nan,nan,nan,nan
1498,1618305217962,nan,nan,nan,nan,nan
1499,1618305218065,nan,nan,nan,nan,nan
1500,1618305218182,nan,nan,nan,nan,nan
1501,1618305218301,nan,nan,nan,nan,nan
1502,1618305218427,nan,nan,nan,nan,nan
1503,1618305218544,nan,nan,nan,nan,nan
1504,1618305218664,nan,nan,nan,nan,nan
1505,1618305218774,nan,nan,nan,nan,nan
1506,1618305218867,nan,nan,nan,nan,nan
1507,1618305218964,nan,nan,nan,nan,nan
1508,1618305219057,nan,nan,nan,nan,nan
1509,1618305219134,nan,nan,nan,nan,nan
1510,1618305219264,nan,nan,nan,nan,nan
1511,1618305219380,nan,nan,nan,nan,nan
1512,1618305219454,nan,nan,nan,nan,nan
1513,1618305219560,nan,nan,nan,nan,nan
1514,1618305219680,nan,nan,nan,nan,nan
1515,1618305219784,nan,nan,nan,nan,nan
1516,1618305219898,nan,nan,nan,nan,nan
1517,1618305219998,nan,nan,nan,nan,nan
1518,1618305220103,nan,nan,nan,nan,nan
1519,1618305220221,nan,nan,nan,nan,nan
1520,1618305220326,nan,nan,nan,nan,nan
1521,1618305220422,nan,nan,nan,nan,nan
1522,1618305220544,nan,nan,nan,nan,nan
1523,1618305220647,nan,nan,nan,nan,nan
1524,1618305220745,nan,nan,nan,nan,nan
1525,1618305220846,nan,nan,nan,nan,nan
1526,1618305220960,nan,nan,nan,nan,nan
1527,1618305221065,nan,nan,nan,nan,nan
1528,1618305221184,nan,nan,nan,nan,nan
1529,1618305221297,nan,nan,nan,nan,nan
1530,1618305221405,nan,nan,nan,nan,nan
1531,1618305221521,nan,nan,nan,nan,nan
1532,1618305221625,nan,nan,nan,nan,nan
1533,1618305221723,nan,nan,nan,nan,nan
1534,1618305221840,nan,nan,nan,nan,nan
1535,1618305221944,nan,nan,nan,nan,nan
1536,1618305222062,nan,nan,nan,nan,nan
1537,1618305222164,nan,nan,nan,nan,nan
1538,1618305222261,nan,nan,nan,nan,nan
1539,1618305222365,nan,nan,nan,nan,nan
1540,1618305222478,nan,nan,nan,nan,nan
1541,1618305222586,nan,nan,nan,nan,nan
1542,1618305222701,nan,nan,nan,nan,nan
1543,1618305222821,nan,nan,nan,nan,nan
1544,1618305222923,nan,nan,nan,nan,nan
1545,1618305223023,nan,nan,nan,nan,nan
1546,1618305223126,nan,nan,nan,nan,nan
1547,1618305223243,nan,nan,nan,nan,nan
1548,1618305223356,nan,nan,nan,nan,nan
1549,1618305223464,nan,nan,nan,nan,nan
1550,1618305223557,nan,nan,nan,nan,nan
1551,1618305223661,nan,nan,nan,nan,nan
1552,1618305223759,nan,nan,nan,nan,nan
1553,1618305223834,nan,nan,nan,nan,nan
1554,1618305223949,nan,nan,nan,nan,nan
1555,1618305224026,nan,nan,nan,nan,nan
1556,1618305224121,nan,nan,nan,nan,nan
1557,1618305224205,nan,nan,nan,nan,nan
1558,1618305224300,nan,nan,nan,nan,nan
1559,1618305224418,nan,nan,nan,nan,nan
1560,1618305224521,nan,nan,nan,nan,nan
1561,1618305224597,nan,nan,nan,nan,nan
1562,1618305224711,nan,nan,nan,nan,nan
1563,1618305224805,nan,nan,nan,nan,nan
1564,1618305224916,nan,nan,nan,nan,nan
1565,1618305225017,nan,nan,nan,nan,nan
1566,1618305225109,nan,nan,nan,nan,nan
1567,1618305225223,nan,nan,nan,nan,nan
1568,1618305225338,nan,nan,nan,nan,nan
1569,1618305225435,nan,nan,nan,nan,nan
1570,1618305225524,nan,nan,nan,nan,nan
1571,1618305225634,nan,nan,nan,nan,nan
1572,1618305225727,nan,nan,nan,nan,nan
1573,1618305225834,nan,nan,nan,nan,nan
1574,1618305225922,nan,nan,nan,nan,nan
1575,1618305226004,nan,nan,nan,nan,nan
1576,1618305226097,nan,nan,nan,nan,nan
1577,1618305226202,nan,nan,nan,nan,nan
1578,1618305226306,nan,nan,nan,nan,nan
1579,1618305226400,nan,nan,nan,nan,nan
1580,1618305226500,nan,nan,nan,nan,nan
1581,1618305226621,nan,nan,nan,nan,nan
1582,1618305226722,nan,nan,nan,nan,nan
1583,1618305226823,nan,nan,nan,nan,nan
1584,1618305226938,nan,nan,nan,nan,nan
1585,1618305227043,nan,nan,nan,nan,nan
1586,1618305227158,nan,nan,nan,nan,nan
1587,1618305227279,nan,nan,nan,nan,nan
1588,1618305227380,nan,nan,nan,nan,nan
1589,1618305227498,nan,nan,nan,nan,nan
1590,1618305227598,nan,nan,nan,nan,nan
1591,1618305227707,nan,nan,nan,nan,nan
1592,1618305227790,nan,nan,nan,nan,nan
1593,1618305227881,nan,nan,nan,nan,nan
1594,1618305227990,nan,nan,nan,nan,nan
1595,1618305228081,nan,nan,nan,nan,nan
1596,1618305228196,nan,nan,nan,nan,nan
1597,1618305228297,nan,nan,nan,nan,nan
1598,1618305228395,nan,nan,nan,nan,nan
1599,1618305228505,nan,nan,nan,nan,nan
1600,1618305228611,nan,nan,nan,nan,nan
1601,1618305228701,nan,nan,nan,nan,nan
1602,1618305228821,nan,nan,nan,nan,nan
1603,1618305228911,nan,nan,nan,nan,nan
1604,1618305229025,nan,nan,nan,nan,nan
1605,1618305229134,nan,nan,nan,nan,nan
1606,1618305229215,nan,nan,nan,nan,nan
1607,1618305229322,nan,nan,nan,nan,nan
1608,1618305229442,nan,nan,nan,nan,nan
1609,1618305229541,nan,nan,nan,nan,nan
1610,1618305229642,nan,nan,nan,nan,nan
1611,1618305229738,nan,nan,nan,nan,nan
1612,1618305229846,nan,nan,nan,nan,nan
1613,1618305229963,nan,nan,nan,nan,nan
1614,1618305230069,nan,nan,nan,nan,nan
1615,1618305230182,nan,nan,nan,nan,nan
1616,1618305230279,nan,nan,nan,nan,nan
1617,1618305230379,nan,nan,nan,nan,nan
1618,1618305230453,nan,nan,nan,nan,nan
1619,1618305230540,nan,nan,nan,nan,nan
1620,1618305230642,nan,nan,nan,nan,nan
1621,1618305230740,nan,nan,nan,nan,nan
1622,1618305230846,nan,nan,nan,nan,nan
1623,1618305230933,nan,nan,nan,nan,nan
1624,1618305231029,nan,nan,nan,nan,nan
1625,1618305231124,nan,nan,nan,nan,nan
1626,1618305231205,nan,nan,nan,nan,nan
1627,1618305231285,nan,nan,nan,nan,nan
1628,1618305231384,nan,nan,nan,nan,nan
1629,1618305231487,nan,nan,nan,nan,nan
1630,1618305231591,nan,nan,nan,nan,nan
1631,1618305231686,nan,nan,nan,nan,nan
1632,1618305231794,nan,nan,nan,nan,nan
1633,1618305231897,nan,nan,nan,nan,nan
1634,1618305232000,nan,nan,nan,nan,nan
1635,1618305232100,nan,nan,nan,nan,nan
1636,1618305232208,nan,nan,nan,nan,nan
1637,1618305232295,nan,nan,nan,nan,nan
1638,1618305232385,nan,nan,nan,nan,nan
1639,1618305232485,nan,nan,nan,nan,nan
1640,1618305232597,nan,nan,nan,nan,nan
1641,1618305232696,nan,nan,nan,nan,nan
1642,1618305232791,nan,nan,nan,nan,nan
1643,1618305232880,nan,nan,nan,nan,nan
1644,1618305232984,nan,nan,nan,nan,nan
1645,1618305233085,nan,nan,nan,nan,nan
1646,1618305233175,nan,nan,nan,nan,nan
1647,1618305233263,nan,nan,nan,nan,nan
1648,1618305233343,nan,nan,nan,nan,nan
1649,1618305233414,nan,nan,nan,nan,nan
1650,1618305233508,nan,nan,nan,nan,nan
1651,1618305233598,nan,nan,nan,nan,nan
1652,1618305233721,nan,nan,nan,nan,nan
1653,1618305233821,nan,nan,nan,nan,nan
1654,1618305233925,nan,nan,nan,nan,nan
1655,1618305234044,nan,nan,nan,nan,nan
1656,1618305234161,nan,nan,nan,nan,nan
1657,1618305234233,nan,nan,nan,nan,nan
1658,1618305234343,nan,nan,nan,nan,nan
1659,1618305234443,nan,nan,nan,nan,nan
1660,1618305234552,nan,nan,nan,nan,nan
1661,1618305234645,nan,nan,nan,nan,nan
1662,1618305234744,nan,nan,nan,nan,nan
1663,1618305234839,nan,nan,nan,nan,nan
1664,1618305234944,nan,nan,nan,nan,nan
1665,1618305235031,nan,nan,nan,nan,nan
1666,1618305235127,of,58M,28M,4.0M,113
1667,1618305235660,of,1740.8M,192M,5.3M,300
1668,1618305236127,of,1740.8M,214M,5.3M,289
1669,1618305236608,of,1740.8M,200M,5.3M,310
1670,1618305237103,of,1740.8M,200M,5.3M,289
1671,1618305237563,of,1740.8M,200M,5.3M,310
1672,1618305238011,of,1740.8M,200M,5.3M,307
1673,1618305238442,of,1740.8M,221M,5.3M,321
1674,1618305238885,of,1740.8M,220M,5.3M,290
1675,1618305239402,of,1740.8M,220M,5.3M,296
1676,1618305239842,of,1740.8M,237M,5.3M,303
1677,1618305240313,of,1740.8M,241M,5.3M,311
1678,1618305240776,of,1740.8M,220M,5.3M,289
1679,1618305241234,of,1740.8M,241M,5.3M,292
1680,1618305241707,of,1740.8M,243M,5.3M,334
1681,1618305242250,of,1740.8M,241M,5.3M,342
1682,1618305242786,nan,nan,nan,nan,nan
1683,1618305242882,of,1843.2M,283M,5.4M,137
1684,1618305243353,of,1843.2M,238M,5.5M,225
1685,1618305243797,of,1843.2M,242M,5.5M,203
1686,1618305244251,of,1843.2M,231M,5.5M,237
1687,1618305244740,of,1843.2M,222M,5.5M,210
1688,1618305245211,of,1843.2M,238M,5.5M,225
1689,1618305245657,of,1843.2M,242M,5.5M,221
1690,1618305246118,of,1843.2M,229M,5.5M,146
1691,1618305246620,of,nan,nan,nan,nan
1692,1618305247139,of,1740.8M,176M,5.2M,329
1693,1618305247692,of,1843.2M,288M,5.2M,407
1694,1618305248193,of,1843.2M,267M,5.2M,355
1695,1618305248657,of,1843.2M,267M,5.2M,348
1696,1618305249194,of,1843.2M,286M,5.2M,375
1697,1618305249688,of,1843.2M,267M,5.2M,300
1698,1618305250154,of,1843.2M,267M,5.2M,348
1699,1618305250717,of,1843.2M,319M,5.2M,364
1700,1618305251207,of,1843.2M,313M,5.2M,286
1701,1618305251677,of,1843.2M,313M,5.2M,348
1702,1618305252223,of,1843.2M,313M,5.2M,324
1703,1618305252714,of,1843.2M,313M,5.2M,354
1704,1618305253261,of,1843.2M,312M,5.2M,346
1705,1618305253710,of,1843.2M,313M,5.2M,314
1706,1618305254156,of,1843.2M,313M,5.2M,309
1707,1618305254716,of,1843.2M,323M,5.2M,367
1708,1618305255209,of,1843.2M,313M,5.2M,296
1709,1618305255674,of,1843.2M,313M,5.2M,348
1710,1618305256222,of,1843.2M,313M,5.2M,348
1711,1618305256724,nan,nan,nan,nan,nan
1712,1618305256820,of,1945.6M,376M,5.3M,103
1713,1618305257298,of,1945.6M,332M,5.3M,217
1714,1618305257717,of,1945.6M,326M,5.3M,207
1715,1618305258181,of,1945.6M,335M,5.3M,175
1716,1618305258646,of,1945.6M,335M,5.3M,171
1717,1618305259099,of,1945.6M,335M,5.3M,164
1718,1618305259578,of,1945.6M,335M,5.3M,164
1719,1618305260039,of,1945.6M,335M,5.3M,214
1720,1618305260540,of,nan,nan,nan,nan
1721,1618305261037,of,1945.6M,180M,5.2M,475
1722,1618305261601,of,1945.6M,412M,5.2M,441
1723,1618305262097,of,1945.6M,413M,5.2M,437
1724,1618305262631,of,1945.6M,413M,5.2M,393
1725,1618305263130,of,1945.6M,413M,5.2M,396
1726,1618305263638,of,1945.6M,413M,5.2M,417
1727,1618305264139,of,1945.6M,413M,5.2M,417
1728,1618305264641,of,1945.6M,413M,5.2M,421
1729,1618305265139,of,1945.6M,413M,5.2M,383
1730,1618305265717,of,2048.0M,414M,5.2M,380
1731,1618305266236,of,2048.0M,506M,5.2M,406
1732,1618305266778,of,2048.0M,506M,5.2M,414
1733,1618305267278,of,2048.0M,506M,5.2M,407
1734,1618305267778,of,2048.0M,506M,5.2M,414
1735,1618305268289,of,2048.0M,506M,5.2M,439
1736,1618305268800,of,2048.0M,506M,5.2M,407
1737,1618305269300,of,2048.0M,506M,5.2M,417
1738,1618305269799,of,2048.0M,506M,5.2M,410
1739,1618305270298,of,2048.0M,506M,5.2M,410
1740,1618305270793,of,2048.0M,505M,5.2M,413
1741,1618305271338,of,2048.0M,506M,5.2M,434
1742,1618305271863,of,2048.0M,506M,5.2M,407
1743,1618305272358,of,2048.0M,506M,5.2M,414
1744,1618305272858,of,2048.0M,506M,5.2M,414
1745,1618305273362,of,2048.0M,506M,5.2M,410
1746,1618305273877,of,2048.0M,506M,5.2M,332
1747,1618305274443,of,2048.0M,504M,5.2M,78.5
1748,1618305275019,of,2150.4M,528M,5.3M,248
1749,1618305275562,of,2150.4M,528M,5.3M,220
1750,1618305276060,of,2150.4M,528M,5.3M,210
1751,1618305276559,of,2150.4M,528M,5.3M,255
1752,1618305277102,of,2150.4M,527M,5.3M,217
1753,1618305277561,of,2150.4M,508M,5.3M,200
1754,1618305278097,of,2150.4M,527M,5.3M,203
1755,1618305278565,of,nan,nan,nan,nan
1756,1618305279133,of,2150.4M,109M,5.0M,488
1757,1618305279564,of,2150.4M,316M,5.0M,392
1758,1618305279988,of,2150.4M,638M,5.1M,238
1759,1618305280471,of,2252.8M,639M,5.1M,500
1760,1618305281010,of,2252.8M,639M,5.1M,271
1761,1618305281458,of,2252.8M,639M,5.1M,412
1762,1618305282018,of,2252.8M,660M,5.1M,364
1763,1618305282537,of,2252.8M,639M,5.1M,362
1764,1618305283077,of,2252.8M,639M,5.1M,441
1765,1618305283658,of,2252.8M,696M,5.1M,332
1766,1618305284209,of,2252.8M,696M,5.1M,396
1767,1618305284764,of,2252.8M,696M,5.1M,474
1768,1618305285280,of,2252.8M,696M,5.1M,306
1769,1618305285819,of,2252.8M,696M,5.1M,416
1770,1618305286361,of,2252.8M,696M,5.1M,450
1771,1618305286881,of,2252.8M,696M,5.1M,331
1772,1618305287447,of,2457.6M,697M,5.2M,416
1773,1618305288002,of,2457.6M,834M,5.2M,277
1774,1618305288532,of,2457.6M,834M,5.2M,412
1775,1618305289062,of,2457.6M,854M,5.2M,400
1776,1618305289590,of,2457.6M,834M,5.2M,281
1777,1618305290119,of,2457.6M,834M,5.2M,432
1778,1618305290688,of,2457.6M,854M,5.2M,368
1779,1618305291197,of,2457.6M,834M,5.2M,350
1780,1618305291718,of,2457.6M,834M,5.2M,432
1781,1618305292292,of,2457.6M,834M,5.2M,325
1782,1618305292820,of,2457.6M,834M,5.2M,368
1783,1618305293361,of,2457.6M,834M,5.2M,457
1784,1618305293881,of,2457.6M,834M,5.2M,250
1785,1618305294392,of,2457.6M,834M,5.2M,409
1786,1618305294921,of,2457.6M,854M,5.2M,403
1787,1618305295460,of,2457.6M,834M,5.2M,284
1788,1618305295987,of,2457.6M,833M,5.2M,433
1789,1618305296539,of,2457.6M,835M,5.2M,293
1790,1618305297090,of,2457.6M,834M,5.2M,412
1791,1618305297622,of,2457.6M,833M,5.2M,410
1792,1618305298138,of,2457.6M,834M,5.2M,312
1793,1618305298689,of,2457.6M,834M,5.2M,419
1794,1618305299245,of,2457.6M,854M,5.2M,388
1795,1618305299758,of,2457.6M,834M,5.2M,361
1796,1618305300304,of,2457.6M,834M,5.2M,438
1797,1618305300892,of,2457.6M,855M,5.2M,381
1798,1618305301395,of,2457.6M,834M,5.2M,378
1799,1618305302023,of,2457.6M,831M,5.2M,79.3
1800,1618305302604,of,2560.0M,854M,5.2M,334
1801,1618305303106,of,2560.0M,833M,5.2M,283
1802,1618305303641,of,2560.0M,834M,5.2M,240
1803,1618305304177,of,2560.0M,854M,5.2M,232
1804,1618305304701,of,2560.0M,854M,5.2M,209
1805,1618305305201,of,2560.0M,854M,5.2M,254
1806,1618305305759,of,2560.0M,854M,5.2M,251
1807,1618305306301,of,2560.0M,854M,5.2M,261
1808,1618305306858,of,2560.0M,854M,5.2M,270
1809,1618305307563,nan,nan,nan,nan,nan
1810,1618305307666,of,nan,nan,nan,nan
1811,1618305308139,of,2764.8M,391M,5.0M,438
1812,1618305308693,of,2764.8M,455M,5.0M,412
1813,1618305309267,of,2764.8M,933M,5.1M,478
1814,1618305309821,of,2764.8M,1126.4M,4.1M,432
1815,1618305310339,of,2867.2M,1126.4M,4.1M,422
1816,1618305310906,of,2867.2M,1126.4M,4.1M,381
1817,1618305311461,of,2867.2M,1228.8M,4.1M,450
1818,1618305311978,of,2867.2M,1228.8M,4.1M,396
1819,1618305312556,of,2867.2M,1228.8M,4.1M,303
1820,1618305313108,of,2867.2M,1228.8M,4.1M,425
1821,1618305313677,of,2867.2M,1228.8M,4.1M,403
1822,1618305314236,of,2867.2M,1228.8M,4.1M,270
1823,1618305314768,of,2969.6M,1228.8M,4.1M,409
1824,1618305315316,of,2969.6M,1228.8M,4.1M,416
1825,1618305315875,of,2969.6M,1331.2M,4.1M,346
1826,1618305316394,of,2969.6M,1331.2M,4.1M,441
1827,1618305316963,of,2969.6M,1331.2M,4.1M,415
1828,1618305317559,of,2969.6M,1331.2M,4.1M,446
1829,1618305318075,of,2969.6M,1331.2M,4.1M,438
1830,1618305318652,of,2969.6M,1331.2M,4.1M,380
1831,1618305319197,of,2969.6M,1331.2M,4.1M,416
1832,1618305319732,of,2969.6M,1331.2M,4.1M,434
1833,1618305320316,of,2969.6M,1331.2M,4.1M,306
1834,1618305320875,of,2969.6M,1331.2M,4.1M,438
1835,1618305321469,of,2969.6M,1331.2M,4.1M,432
1836,1618305322044,of,2969.6M,1331.2M,4.1M,413
1837,1618305322560,of,3379.2M,1331.2M,4.2M,438
1838,1618305323112,of,3379.2M,1331.2M,4.2M,421
1839,1618305323679,of,3379.2M,1536.0M,4.2M,309
1840,1618305324245,of,3379.2M,1536.0M,4.2M,415
1841,1618305324816,of,3379.2M,1536.0M,4.2M,403
1842,1618305325377,of,3379.2M,1536.0M,4.2M,312
1843,1618305325931,of,3379.2M,1536.0M,4.2M,409
1844,1618305326477,of,3379.2M,1536.0M,4.2M,441
1845,1618305327049,of,3379.2M,1638.4M,4.2M,385
1846,1618305327548,of,3379.2M,1536.0M,4.2M,416
1847,1618305328095,of,3379.2M,1536.0M,4.2M,441
1848,1618305328661,of,3379.2M,1536.0M,4.2M,420
1849,1618305329181,of,3379.2M,1536.0M,4.2M,403
1850,1618305329751,of,3379.2M,1536.0M,4.2M,370
1851,1618305330299,of,3379.2M,1536.0M,4.2M,453
1852,1618305330816,of,3379.2M,1536.0M,4.2M,415
1853,1618305331400,of,3379.2M,1536.0M,4.2M,284
1854,1618305331931,of,3379.2M,1536.0M,4.2M,435
1855,1618305332497,of,3379.2M,1536.0M,4.2M,406
1856,1618305333057,of,3379.2M,1536.0M,4.2M,267
1857,1618305333593,of,3379.2M,1536.0M,4.2M,422
1858,1618305334147,of,3379.2M,1536.0M,4.2M,432
1859,1618305334714,of,3379.2M,1638.4M,4.2M,371
1860,1618305335234,of,3379.2M,1536.0M,4.2M,438
1861,1618305335809,of,3379.2M,1536.0M,4.2M,384
1862,1618305336380,of,3379.2M,1536.0M,4.2M,453
1863,1618305336891,of,3379.2M,1536.0M,4.2M,425
1864,1618305337481,of,3379.2M,1536.0M,4.2M,331
1865,1618305338063,of,3379.2M,1536.0M,4.2M,403
1866,1618305338629,of,3481.6M,1536.0M,4.2M,422
1867,1618305339216,of,3481.6M,1638.4M,4.2M,453
1868,1618305339741,of,3481.6M,1740.8M,4.2M,425
1869,1618305340241,of,3481.6M,1740.8M,4.2M,419
1870,1618305340787,of,3481.6M,1740.8M,4.2M,384
1871,1618305341335,of,3481.6M,1740.8M,4.2M,446
1872,1618305341858,of,3481.6M,1740.8M,4.2M,412
1873,1618305342436,of,3481.6M,1740.8M,4.2M,300
1874,1618305342989,of,3481.6M,1740.8M,4.2M,416
1875,1618305343548,of,3481.6M,1740.8M,4.2M,425
1876,1618305344139,of,3481.6M,1740.8M,4.2M,335
1877,1618305344695,of,3481.6M,1740.8M,4.2M,438
1878,1618305345271,of,3481.6M,1740.8M,4.2M,393
1879,1618305345840,of,3481.6M,1740.8M,4.2M,455
1880,1618305346370,of,3481.6M,1740.8M,4.2M,416
1881,1618305346919,of,3481.6M,1740.8M,4.2M,383
1882,1618305347472,of,3481.6M,1740.8M,4.2M,446
1883,1618305347983,of,3481.6M,1740.8M,4.2M,393
1884,1618305348552,of,3481.6M,1740.8M,4.2M,290
1885,1618305349341,of,3584.0M,1740.8M,4.2M,92.8
1886,1618305349889,of,3584.0M,1740.8M,4.3M,359
1887,1618305350392,of,3584.0M,1740.8M,4.3M,270
1888,1618305350907,of,3584.0M,1740.8M,4.3M,363
1889,1618305351478,of,3584.0M,1740.8M,4.3M,348
1890,1618305352015,of,3584.0M,1740.8M,4.3M,335
1891,1618305352551,of,3584.0M,1740.8M,4.3M,319
1892,1618305353087,of,3584.0M,1740.8M,4.3M,319
1893,1618305353621,of,3584.0M,1740.8M,4.3M,306
1894,1618305354159,of,3584.0M,1740.8M,4.3M,287
1895,1618305354705,of,3584.0M,1740.8M,4.3M,258
1896,1618305355187,of,3584.0M,1740.8M,4.3M,276
1897,1618305355706,of,3584.0M,1740.8M,4.3M,258
1898,1618305356226,of,3584.0M,1740.8M,4.3M,270
1899,1618305356747,of,3584.0M,1740.8M,4.3M,90.3
1900,1618305357297,of,nan,nan,nan,nan
1901,1618305357785,nan,nan,nan,nan,nan
1902,1618305357899,nan,nan,nan,nan,nan
1903,1618305357988,nan,nan,nan,nan,nan
1904,1618305358079,nan,nan,nan,nan,nan
1905,1618305358185,nan,nan,nan,nan,nan
1906,1618305358301,nan,nan,nan,nan,nan
1907,1618305358386,nan,nan,nan,nan,nan
1908,1618305358474,nan,nan,nan,nan,nan
1909,1618305358564,nan,nan,nan,nan,nan
1910,1618305358668,nan,nan,nan,nan,nan
1911,1618305358765,nan,nan,nan,nan,nan
1912,1618305358870,nan,nan,nan,nan,nan
1913,1618305358977,nan,nan,nan,nan,nan
1914,1618305359060,nan,nan,nan,nan,nan
1915,1618305359149,nan,nan,nan,nan,nan
1916,1618305359243,nan,nan,nan,nan,nan
1917,1618305359334,nan,nan,nan,nan,nan
1918,1618305359423,nan,nan,nan,nan,nan
1919,1618305359526,nan,nan,nan,nan,nan
1920,1618305359630,nan,nan,nan,nan,nan
1921,1618305359724,nan,nan,nan,nan,nan
1922,1618305359814,nan,nan,nan,nan,nan
1923,1618305359903,nan,nan,nan,nan,nan
1924,1618305359998,nan,nan,nan,nan,nan
1925,1618305360099,nan,nan,nan,nan,nan
1926,1618305360192,nan,nan,nan,nan,nan
1927,1618305360279,nan,nan,nan,nan,nan
1928,1618305360381,nan,nan,nan,nan,nan
1929,1618305360467,nan,nan,nan,nan,nan
1930,1618305360566,nan,nan,nan,nan,nan
1931,1618305360667,nan,nan,nan,nan,nan
1932,1618305360759,nan,nan,nan,nan,nan
1933,1618305360848,nan,nan,nan,nan,nan
1934,1618305360951,nan,nan,nan,nan,nan
1935,1618305361045,nan,nan,nan,nan,nan
1936,1618305361138,nan,nan,nan,nan,nan
1937,1618305361229,nan,nan,nan,nan,nan
1938,1618305361324,nan,nan,nan,nan,nan
1939,1618305361425,nan,nan,nan,nan,nan
1940,1618305361523,nan,nan,nan,nan,nan
1941,1618305361624,nan,nan,nan,nan,nan
1942,1618305361728,nan,nan,nan,nan,nan
1943,1618305361821,nan,nan,nan,nan,nan
1944,1618305361909,nan,nan,nan,nan,nan
1945,1618305362005,nan,nan,nan,nan,nan
1946,1618305362111,nan,nan,nan,nan,nan
1947,1618305362203,nan,nan,nan,nan,nan
1948,1618305362294,nan,nan,nan,nan,nan
1949,1618305362384,nan,nan,nan,nan,nan
1950,1618305362476,nan,nan,nan,nan,nan
1951,1618305362566,nan,nan,nan,nan,nan
1952,1618305362670,nan,nan,nan,nan,nan
1953,1618305362765,nan,nan,nan,nan,nan
1954,1618305362871,nan,nan,nan,nan,nan
1955,1618305362965,nan,nan,nan,nan,nan
1956,1618305363084,nan,nan,nan,nan,nan
